Compartment,MP_form,Size_Bin,k_discorporation,k_fragmentation,k_heteroaggregation,k_heteroaggregate_breackup,k_biofouling,k_defouling,k_advective_transport,k_settling,k_rising,k_mixing,k_sea_spray_aerosol,k_beaching,k_sediment_resuspension,k_burial,k_runoff_transport,k_percolation,k_soil_air_resuspension,k_soil_convection,k_sequestration_deep_soils,k_wind_trasport,k_dry_deposition,k_wet_deposition
Ocean_Surface_Water,freeMP,mp1,1.2155358806115764e-14,"[0.0, 0.0, 0.0, 0.0, 0.0]",2.246885287461167e-08,0.0,1.1574074074074074e-06,0.0,4.116564417177914e-08,0.0,0.0,0.00276,5.555555555555555e-09,0.0,0.0,0.0,0,0.0,0.0,0.0,0.0,0.0,0,0.0
Ocean_Surface_Water,freeMP,mp2,1.2155358806115762e-12,"[1.5854895991882293e-09, 0.0, 0.0, 0.0, 0.0]",5.936118670599402e-08,0.0,1.1574074074074074e-06,0.0,4.116564417177914e-08,0.0,0.0,0.00276,5.555555555555555e-09,0.0,0.0,0.0,0,0.0,0.0,0.0,0.0,0.0,0,0.0
Ocean_Surface_Water,freeMP,mp3,1.2155358806115764e-10,"[7.927447995941148e-09, 7.927447995941148e-09, 0.0, 0.0, 0.0]",8.09320649027192e-06,0.0,1.1574074074074074e-06,0.0,4.116564417177914e-08,0.0,0.0,0.00276,5.555555555555555e-09,0.0,0.0,0.0,0,0.0,0.0,0.0,0.0,0.0,0,0.0
Ocean_Surface_Water,freeMP,mp4,1.2155358806115764e-08,"[9.512937595129376e-08, 3.170979198376459e-08, 3.170979198376459e-08, 0.0, 0.0]",0.0477936659835263,0.0,1.1574074074074074e-06,0.0,4.116564417177914e-08,0.0,0.0,0.00276,5.555555555555555e-09,0.0,0.0,0.0,0,0.0,0.0,0.0,0.0,0.0,0,0.0
Ocean_Surface_Water,freeMP,mp5,1.2155358806115764e-06,"[1.1098427194317607e-06, 2.3782343987823441e-07, 1.5854895991882297e-07, 7.927447995941155e-08, 0.0]",458.08179228950456,0.0,1.1574074074074074e-06,0.0,4.116564417177914e-08,0.0,0.0,0.00276,5.555555555555555e-09,0.0,0.0,0.0,0,0.0,0.0,0.0,0.0,0.0,0,0.0
Ocean_Surface_Water,heterMP,mp1,1.2155358806115764e-15,"[0.0, 0.0, 0.0, 0.0, 0.0]",0.0,1.8736386066974934e-17,1.1574074074074074e-06,0.0,4.116564417177914e-08,2.1259645745500595e-06,0.0,0.00276,5.555555555555555e-09,0.0,0.0,0.0,0,0.0,0.0,0.0,0.0,0.0,0,0.0
Ocean_Surface_Water,heterMP,mp2,1.2155358806115763e-13,"[2.528451797958585e-11, 0.0, 0.0, 0.0, 0.0]",0.0,3.0520327648159686e-17,1.1574074074074074e-06,0.0,4.116564417177914e-08,1.853954034723946e-06,0.0,0.00276,5.555555555555555e-09,0.0,0.0,0.0,0,0.0,0.0,0.0,0.0,0.0,0,0.0
Ocean_Surface_Water,heterMP,mp3,1.2155358806115764e-11,"[7.935514617141138e-11, 7.935514617141138e-11, 0.0, 0.0, 0.0]",0.0,7.959311909769156e-15,1.1574074074074074e-06,0.0,4.116564417177914e-08,0.0,0.0,0.00276,5.555555555555555e-09,0.0,0.0,0.0,0,0.0,0.0,0.0,0.0,0.0,0,0.0
Ocean_Surface_Water,heterMP,mp4,1.2155358806115764e-09,"[9.512947284918178e-10, 3.1709824283060594e-10, 3.1709824283060594e-10, 0.0, 0.0]",0.0,4.779259182418434e-11,1.1574074074074074e-06,0.0,4.116564417177914e-08,0.0,0.0,0.00276,5.555555555555555e-09,0.0,0.0,0.0,0,0.0,0.0,0.0,0.0,0.0,0,0.0
Ocean_Surface_Water,heterMP,mp5,1.2155358806115762e-07,"[1.1098427205622375e-08, 2.378234401204795e-09, 1.5854896008031967e-09, 7.92744800401599e-10, 0.0]",0.0,4.5808178181248177e-07,1.1574074074074074e-06,0.0,4.116564417177914e-08,0.0,0.0,0.00276,5.555555555555555e-09,0.0,0.0,0.0,0,0.0,0.0,0.0,0.0,0.0,0,0.0
Ocean_Surface_Water,biofMP,mp1,2.4310717612231528e-14,"[0.0, 0.0, 0.0, 0.0, 0.0]",6.065374591193721e-08,0.0,0.0,0.0,4.116564417177914e-08,2.42870037973093e-06,0.0,0.00276,5.555555555555555e-09,0.0,0.0,0.0,0,0.0,0.0,0.0,0.0,0.0,0,0.0
Ocean_Surface_Water,biofMP,mp2,2.4310717612231525e-12,"[1.943122678398596e-09, 0.0, 0.0, 0.0, 0.0]",4.6435631010357335e-07,0.0,0.0,0.0,4.116564417177914e-08,5.601988601169314e-06,0.0,0.00276,5.555555555555555e-09,0.0,0.0,0.0,0,0.0,0.0,0.0,0.0,0.0,0,0.0
Ocean_Surface_Water,biofMP,mp3,2.4310717612231527e-10,"[4.538912937372815e-09, 4.538912937372815e-09, 0.0, 0.0, 0.0]",3.953952451720626e-05,0.0,0.0,0.0,4.116564417177914e-08,3.296738218566838e-05,0.0,0.00276,5.555555555555555e-09,0.0,0.0,0.0,0,0.0,0.0,0.0,0.0,0.0,0,0.0
Ocean_Surface_Water,biofMP,mp4,2.4310717612231527e-08,"[4.825491470292958e-08, 1.608497156764319e-08, 1.608497156764319e-08, 0.0, 0.0]",0.06405814064283756,0.0,0.0,0.0,4.116564417177914e-08,0.0,0.0,0.00276,5.555555555555555e-09,0.0,0.0,0.0,0,0.0,0.0,0.0,0.0,0.0,0,0.0
Ocean_Surface_Water,biofMP,mp5,2.431071761223153e-06,"[5.557266242310434e-07, 1.1908427662093789e-07, 7.938951774729193e-08, 3.9694758873645996e-08, 0.0]",886.221035906939,0.0,0.0,0.0,4.116564417177914e-08,0.0,0.0,0.00276,5.555555555555555e-09,0.0,0.0,0.0,0,0.0,0.0,0.0,0.0,0.0,0,0.0
Ocean_Surface_Water,heterBiofMP,mp1,2.431071761223153e-15,"[0.0, 0.0, 0.0, 0.0, 0.0]",0.0,1.7504648317849157e-16,0.0,0.0,4.116564417177914e-08,3.6192784926324813e-06,0.0,0.00276,5.555555555555555e-09,0.0,0.0,0.0,0,0.0,0.0,0.0,0.0,0.0,0,0.0
Ocean_Surface_Water,heterBiofMP,mp2,2.4310717612231526e-13,"[2.069169623927708e-11, 0.0, 0.0, 0.0, 0.0]",0.0,6.049506537160827e-16,0.0,0.0,4.116564417177914e-08,6.4428660293348195e-06,0.0,0.00276,5.555555555555555e-09,0.0,0.0,0.0,0,0.0,0.0,0.0,0.0,0.0,0,0.0
Ocean_Surface_Water,heterBiofMP,mp3,2.4310717612231528e-11,"[4.5419898293366534e-11, 4.5419898293366534e-11, 0.0, 0.0, 0.0]",0.0,3.988016141817296e-14,0.0,0.0,4.116564417177914e-08,3.3214317727306166e-05,0.0,0.00276,5.555555555555555e-09,0.0,0.0,0.0,0,0.0,0.0,0.0,0.0,0.0,0,0.0
Ocean_Surface_Water,heterBiofMP,mp4,2.4310717612231527e-09,"[4.825496177578399e-10, 1.6084987258594664e-10, 1.6084987258594664e-10, 0.0, 0.0]",0.0,6.40559268044956e-11,0.0,0.0,4.116564417177914e-08,0.0,0.0,0.00276,5.555555555555555e-09,0.0,0.0,0.0,0,0.0,0.0,0.0,0.0,0.0,0,0.0
Ocean_Surface_Water,heterBiofMP,mp5,2.4310717612231525e-07,"[5.55726624794645e-09, 1.1908427674170964e-09, 7.938951782780643e-10, 3.969475891390325e-10, 0.0]",0.0,8.862210148869099e-07,0.0,0.0,4.116564417177914e-08,0.0,0.0,0.00276,5.555555555555555e-09,0.0,0.0,0.0,0,0.0,0.0,0.0,0.0,0.0,0,0.0
Ocean_Mixed_Water,freeMP,mp1,1.2155358806115764e-15,"[0.0, 0.0, 0.0, 0.0, 0.0]",2.246885287461167e-08,0.0,3.858024691358025e-07,0.0,1.371165644171779e-08,0.0,6.446896763621471e-11,"[0.000138, 3.167e-10]",0.0,0.0,0.0,0.0,0,0.0,0.0,0.0,0.0,0.0,0,0.0
Ocean_Mixed_Water,freeMP,mp2,1.2155358806115763e-13,"[1.5854895991882296e-10, 0.0, 0.0, 0.0, 0.0]",5.936118670599402e-08,0.0,3.858024691358025e-07,0.0,1.371165644171779e-08,0.0,6.4468967636214734e-09,"[0.000138, 3.167e-10]",0.0,0.0,0.0,0.0,0,0.0,0.0,0.0,0.0,0.0,0,0.0
Ocean_Mixed_Water,freeMP,mp3,1.2155358806115764e-11,"[7.927447995941146e-10, 7.927447995941146e-10, 0.0, 0.0, 0.0]",8.09320649027192e-06,0.0,3.858024691358025e-07,0.0,1.371165644171779e-08,0.0,6.446896763621472e-07,"[0.000138, 3.167e-10]",0.0,0.0,0.0,0.0,0,0.0,0.0,0.0,0.0,0.0,0,0.0
Ocean_Mixed_Water,freeMP,mp4,1.2155358806115764e-09,"[9.512937595129376e-09, 3.1709791983764586e-09, 3.1709791983764586e-09, 0.0, 0.0]",0.0477936659835263,0.0,3.858024691358025e-07,0.0,1.371165644171779e-08,0.0,6.446896763621472e-05,"[0.000138, 3.167e-10]",0.0,0.0,0.0,0.0,0,0.0,0.0,0.0,0.0,0.0,0,0.0
Ocean_Mixed_Water,freeMP,mp5,1.2155358806115762e-07,"[1.1098427194317603e-07, 2.3782343987823436e-08, 1.5854895991882293e-08, 7.927447995941153e-09, 0.0]",458.08179228950456,0.0,3.858024691358025e-07,0.0,1.371165644171779e-08,0.0,0.006446896763621472,"[0.000138, 3.167e-10]",0.0,0.0,0.0,0.0,0,0.0,0.0,0.0,0.0,0.0,0,0.0
Ocean_Mixed_Water,heterMP,mp1,1.2155358806115763e-16,"[0.0, 0.0, 0.0, 0.0, 0.0]",0.0,1.8736386066974934e-17,3.858024691358025e-07,0.0,1.371165644171779e-08,1.0629822872750296e-07,0.0,"[0.000138, 3.167e-10]",0.0,0.0,0.0,0.0,0,0.0,0.0,0.0,0.0,0.0,0,0.0
Ocean_Mixed_Water,heterMP,mp2,1.2155358806115764e-14,"[2.528451797958585e-12, 0.0, 0.0, 0.0, 0.0]",0.0,3.0520327648159686e-17,3.858024691358025e-07,0.0,1.371165644171779e-08,9.26977017361973e-08,0.0,"[0.000138, 3.167e-10]",0.0,0.0,0.0,0.0,0,0.0,0.0,0.0,0.0,0.0,0,0.0
Ocean_Mixed_Water,heterMP,mp3,1.2155358806115762e-12,"[7.935514617141138e-12, 7.935514617141138e-12, 0.0, 0.0, 0.0]",0.0,7.959311909769156e-15,3.858024691358025e-07,0.0,1.371165644171779e-08,0.0,6.286224075389044e-07,"[0.000138, 3.167e-10]",0.0,0.0,0.0,0.0,0,0.0,0.0,0.0,0.0,0.0,0,0.0
Ocean_Mixed_Water,heterMP,mp4,1.2155358806115764e-10,"[9.512947284918179e-11, 3.170982428306059e-11, 3.170982428306059e-11, 0.0, 0.0]",0.0,4.779259182418434e-11,3.858024691358025e-07,0.0,1.371165644171779e-08,0.0,6.446735920932815e-05,"[0.000138, 3.167e-10]",0.0,0.0,0.0,0.0,0,0.0,0.0,0.0,0.0,0.0,0,0.0
Ocean_Mixed_Water,heterMP,mp5,1.2155358806115764e-08,"[1.1098427205622372e-09, 2.378234401204794e-10, 1.5854896008031963e-10, 7.927448004015988e-11, 0.0]",0.0,4.5808178181248177e-07,3.858024691358025e-07,0.0,1.371165644171779e-08,0.0,0.006446896602778619,"[0.000138, 3.167e-10]",0.0,0.0,0.0,0.0,0,0.0,0.0,0.0,0.0,0.0,0,0.0
Ocean_Mixed_Water,biofMP,mp1,2.431071761223153e-15,"[0.0, 0.0, 0.0, 0.0, 0.0]",6.065374591193721e-08,0.0,0.0,0.0,1.371165644171779e-08,1.2143501898654651e-07,0.0,"[0.000138, 3.167e-10]",0.0,0.0,0.0,0.0,0,0.0,0.0,0.0,0.0,0.0,0,0.0
Ocean_Mixed_Water,biofMP,mp2,2.4310717612231526e-13,"[1.943122678398596e-10, 0.0, 0.0, 0.0, 0.0]",4.6435631010357335e-07,0.0,0.0,0.0,1.371165644171779e-08,2.800994300584657e-07,0.0,"[0.000138, 3.167e-10]",0.0,0.0,0.0,0.0,0,0.0,0.0,0.0,0.0,0.0,0,0.0
Ocean_Mixed_Water,biofMP,mp3,2.4310717612231528e-11,"[4.538912937372814e-10, 4.538912937372814e-10, 0.0, 0.0, 0.0]",3.953952451720626e-05,0.0,0.0,0.0,1.371165644171779e-08,1.648369109283419e-06,0.0,"[0.000138, 3.167e-10]",0.0,0.0,0.0,0.0,0,0.0,0.0,0.0,0.0,0.0,0,0.0
Ocean_Mixed_Water,biofMP,mp4,2.4310717612231527e-09,"[4.825491470292957e-09, 1.6084971567643192e-09, 1.6084971567643192e-09, 0.0, 0.0]",0.06405814064283756,0.0,0.0,0.0,1.371165644171779e-08,0.0,4.1566412233032596e-05,"[0.000138, 3.167e-10]",0.0,0.0,0.0,0.0,0,0.0,0.0,0.0,0.0,0.0,0,0.0
Ocean_Mixed_Water,biofMP,mp5,2.4310717612231525e-07,"[5.557266242310434e-08, 1.1908427662093789e-08, 7.938951774729193e-09, 3.9694758873646e-09, 0.0]",886.221035906939,0.0,0.0,0.0,1.371165644171779e-08,0.0,0.006217766002584401,"[0.000138, 3.167e-10]",0.0,0.0,0.0,0.0,0,0.0,0.0,0.0,0.0,0.0,0,0.0
Ocean_Mixed_Water,heterBiofMP,mp1,2.4310717612231526e-16,"[0.0, 0.0, 0.0, 0.0, 0.0]",0.0,1.7504648317849157e-16,0.0,0.0,1.371165644171779e-08,1.8096392463162407e-07,0.0,"[0.000138, 3.167e-10]",0.0,0.0,0.0,0.0,0,0.0,0.0,0.0,0.0,0.0,0,0.0
Ocean_Mixed_Water,heterBiofMP,mp2,2.4310717612231528e-14,"[2.069169623927708e-12, 0.0, 0.0, 0.0, 0.0]",0.0,6.049506537160827e-16,0.0,0.0,1.371165644171779e-08,3.22143301466741e-07,0.0,"[0.000138, 3.167e-10]",0.0,0.0,0.0,0.0,0,0.0,0.0,0.0,0.0,0.0,0,0.0
Ocean_Mixed_Water,heterBiofMP,mp3,2.4310717612231525e-12,"[4.541989829336653e-12, 4.541989829336653e-12, 0.0, 0.0, 0.0]",0.0,3.988016141817296e-14,0.0,0.0,1.371165644171779e-08,1.6607158863653082e-06,0.0,"[0.000138, 3.167e-10]",0.0,0.0,0.0,0.0,0,0.0,0.0,0.0,0.0,0.0,0,0.0
Ocean_Mixed_Water,heterBiofMP,mp4,2.4310717612231527e-10,"[4.8254961775783987e-11, 1.608498725859466e-11, 1.608498725859466e-11, 0.0, 0.0]",0.0,6.40559268044956e-11,0.0,0.0,1.371165644171779e-08,0.0,4.1564850992604276e-05,"[0.000138, 3.167e-10]",0.0,0.0,0.0,0.0,0,0.0,0.0,0.0,0.0,0.0,0,0.0
Ocean_Mixed_Water,heterBiofMP,mp5,2.4310717612231527e-08,"[5.557266247946449e-10, 1.1908427674170962e-10, 7.938951782780642e-11, 3.9694758913903243e-11, 0.0]",0.0,8.862210148869099e-07,0.0,0.0,1.371165644171779e-08,0.0,0.006217765842225985,"[0.000138, 3.167e-10]",0.0,0.0,0.0,0.0,0,0.0,0.0,0.0,0.0,0.0,0,0.0
Ocean_Column_Water,freeMP,mp1,1.2155358806115764e-15,"[0.0, 0.0, 0.0, 0.0, 0.0]",2.246885287461167e-08,0.0,3.858024691358025e-08,0.0,0.0,0.0,1.611724190905368e-12,7.881236641221374e-12,0.0,0.0,0.0,0.0,0,0.0,0.0,0.0,0.0,0.0,0,0.0
Ocean_Column_Water,freeMP,mp2,1.2155358806115763e-13,"[1.5854895991882296e-10, 0.0, 0.0, 0.0, 0.0]",5.936118670599402e-08,0.0,3.858024691358025e-08,0.0,0.0,0.0,1.6117241909053684e-10,7.881236641221374e-12,0.0,0.0,0.0,0.0,0,0.0,0.0,0.0,0.0,0.0,0,0.0
Ocean_Column_Water,freeMP,mp3,1.2155358806115764e-11,"[7.927447995941146e-10, 7.927447995941146e-10, 0.0, 0.0, 0.0]",8.09320649027192e-06,0.0,3.858024691358025e-08,0.0,0.0,0.0,1.611724190905368e-08,7.881236641221374e-12,0.0,0.0,0.0,0.0,0,0.0,0.0,0.0,0.0,0.0,0,0.0
Ocean_Column_Water,freeMP,mp4,1.2155358806115764e-09,"[9.512937595129376e-09, 3.1709791983764586e-09, 3.1709791983764586e-09, 0.0, 0.0]",0.0477936659835263,0.0,3.858024691358025e-08,0.0,0.0,0.0,1.6117241909053677e-06,7.881236641221374e-12,0.0,0.0,0.0,0.0,0,0.0,0.0,0.0,0.0,0.0,0,0.0
Ocean_Column_Water,freeMP,mp5,1.2155358806115762e-07,"[1.1098427194317603e-07, 2.3782343987823436e-08, 1.5854895991882293e-08, 7.927447995941153e-09, 0.0]",458.08179228950456,0.0,3.858024691358025e-08,0.0,0.0,0.0,0.0001611724190905368,7.881236641221374e-12,0.0,0.0,0.0,0.0,0,0.0,0.0,0.0,0.0,0.0,0,0.0
Ocean_Column_Water,heterMP,mp1,1.2155358806115763e-16,"[0.0, 0.0, 0.0, 0.0, 0.0]",0.0,1.8736386066974934e-17,3.858024691358025e-08,0.0,0.0,2.657455718187574e-09,0.0,7.881236641221374e-12,0.0,0.0,0.0,0.0,0,0.0,0.0,0.0,0.0,0.0,0,0.0
Ocean_Column_Water,heterMP,mp2,1.2155358806115764e-14,"[2.528451797958585e-12, 0.0, 0.0, 0.0, 0.0]",0.0,3.0520327648159686e-17,3.858024691358025e-08,0.0,0.0,2.3174425434049326e-09,0.0,7.881236641221374e-12,0.0,0.0,0.0,0.0,0,0.0,0.0,0.0,0.0,0.0,0,0.0
Ocean_Column_Water,heterMP,mp3,1.2155358806115762e-12,"[7.935514617141138e-12, 7.935514617141138e-12, 0.0, 0.0, 0.0]",0.0,7.959311909769156e-15,3.858024691358025e-08,0.0,0.0,0.0,1.5715560188472608e-08,7.881236641221374e-12,0.0,0.0,0.0,0.0,0,0.0,0.0,0.0,0.0,0.0,0,0.0
Ocean_Column_Water,heterMP,mp4,1.2155358806115764e-10,"[9.512947284918179e-11, 3.170982428306059e-11, 3.170982428306059e-11, 0.0, 0.0]",0.0,4.779259182418434e-11,3.858024691358025e-08,0.0,0.0,0.0,1.6116839802332037e-06,7.881236641221374e-12,0.0,0.0,0.0,0.0,0,0.0,0.0,0.0,0.0,0.0,0,0.0
Ocean_Column_Water,heterMP,mp5,1.2155358806115764e-08,"[1.1098427205622372e-09, 2.378234401204794e-10, 1.5854896008031963e-10, 7.927448004015988e-11, 0.0]",0.0,4.5808178181248177e-07,3.858024691358025e-08,0.0,0.0,0.0,0.0001611724150694655,7.881236641221374e-12,0.0,0.0,0.0,0.0,0,0.0,0.0,0.0,0.0,0.0,0,0.0
Ocean_Column_Water,biofMP,mp1,2.431071761223153e-15,"[0.0, 0.0, 0.0, 0.0, 0.0]",6.065374591193721e-08,0.0,0.0,0.0,0.0,3.035875474663663e-09,0.0,7.881236641221374e-12,0.0,0.0,0.0,0.0,0,0.0,0.0,0.0,0.0,0.0,0,0.0
Ocean_Column_Water,biofMP,mp2,2.4310717612231526e-13,"[1.943122678398596e-10, 0.0, 0.0, 0.0, 0.0]",4.6435631010357335e-07,0.0,0.0,0.0,0.0,7.002485751461642e-09,0.0,7.881236641221374e-12,0.0,0.0,0.0,0.0,0,0.0,0.0,0.0,0.0,0.0,0,0.0
Ocean_Column_Water,biofMP,mp3,2.4310717612231528e-11,"[4.538912937372814e-10, 4.538912937372814e-10, 0.0, 0.0, 0.0]",3.953952451720626e-05,0.0,0.0,0.0,0.0,4.120922773208547e-08,0.0,7.881236641221374e-12,0.0,0.0,0.0,0.0,0,0.0,0.0,0.0,0.0,0.0,0,0.0
Ocean_Column_Water,biofMP,mp4,2.4310717612231527e-09,"[4.825491470292957e-09, 1.6084971567643192e-09, 1.6084971567643192e-09, 0.0, 0.0]",0.06405814064283756,0.0,0.0,0.0,0.0,0.0,1.0391603058258148e-06,7.881236641221374e-12,0.0,0.0,0.0,0.0,0,0.0,0.0,0.0,0.0,0.0,0,0.0
Ocean_Column_Water,biofMP,mp5,2.4310717612231525e-07,"[5.557266242310434e-08, 1.1908427662093789e-08, 7.938951774729193e-09, 3.9694758873646e-09, 0.0]",886.221035906939,0.0,0.0,0.0,0.0,0.0,0.00015544415006461001,7.881236641221374e-12,0.0,0.0,0.0,0.0,0,0.0,0.0,0.0,0.0,0.0,0,0.0
Ocean_Column_Water,heterBiofMP,mp1,2.4310717612231526e-16,"[0.0, 0.0, 0.0, 0.0, 0.0]",0.0,1.7504648317849157e-16,0.0,0.0,0.0,4.524098115790602e-09,0.0,7.881236641221374e-12,0.0,0.0,0.0,0.0,0,0.0,0.0,0.0,0.0,0.0,0,0.0
Ocean_Column_Water,heterBiofMP,mp2,2.4310717612231528e-14,"[2.069169623927708e-12, 0.0, 0.0, 0.0, 0.0]",0.0,6.049506537160827e-16,0.0,0.0,0.0,8.053582536668524e-09,0.0,7.881236641221374e-12,0.0,0.0,0.0,0.0,0,0.0,0.0,0.0,0.0,0.0,0,0.0
Ocean_Column_Water,heterBiofMP,mp3,2.4310717612231525e-12,"[4.541989829336653e-12, 4.541989829336653e-12, 0.0, 0.0, 0.0]",0.0,3.988016141817296e-14,0.0,0.0,0.0,4.151789715913271e-08,0.0,7.881236641221374e-12,0.0,0.0,0.0,0.0,0,0.0,0.0,0.0,0.0,0.0,0,0.0
Ocean_Column_Water,heterBiofMP,mp4,2.4310717612231527e-10,"[4.8254961775783987e-11, 1.608498725859466e-11, 1.608498725859466e-11, 0.0, 0.0]",0.0,6.40559268044956e-11,0.0,0.0,0.0,0.0,1.039121274815107e-06,7.881236641221374e-12,0.0,0.0,0.0,0.0,0,0.0,0.0,0.0,0.0,0.0,0,0.0
Ocean_Column_Water,heterBiofMP,mp5,2.4310717612231527e-08,"[5.557266247946449e-10, 1.1908427674170962e-10, 7.938951782780642e-11, 3.9694758913903243e-11, 0.0]",0.0,8.862210148869099e-07,0.0,0.0,0.0,0.0,0.00015544414605564964,7.881236641221374e-12,0.0,0.0,0.0,0.0,0,0.0,0.0,0.0,0.0,0.0,0,0.0
Coast_Surface_Water,freeMP,mp1,1.2155358806115764e-14,"[0.0, 0.0, 0.0, 0.0, 0.0]",3.33734011340317e-07,0.0,1.1574074074074074e-06,0.0,1e-06,0.0,0.0,0.0055117734724292105,1.111111111111111e-08,3.3333333333333334e-08,0.0,0.0,0,0.0,0.0,0.0,0.0,0.0,0,0.0
Coast_Surface_Water,freeMP,mp2,1.2155358806115762e-12,"[1.5854895991882293e-09, 0.0, 0.0, 0.0, 0.0]",1.1118025127523729e-06,0.0,1.1574074074074074e-06,0.0,1e-06,0.0,0.0,0.0055117734724292105,1.111111111111111e-08,3.3333333333333334e-08,0.0,0.0,0,0.0,0.0,0.0,0.0,0.0,0,0.0
Coast_Surface_Water,freeMP,mp3,1.2155358806115764e-10,"[7.927447995941148e-09, 7.927447995941148e-09, 0.0, 0.0, 0.0]",0.00012764702464231281,0.0,1.1574074074074074e-06,0.0,1e-06,0.0,0.0,0.0055117734724292105,1.111111111111111e-08,3.3333333333333334e-08,0.0,0.0,0,0.0,0.0,0.0,0.0,0.0,0,0.0
Coast_Surface_Water,freeMP,mp4,1.2155358806115764e-08,"[9.512937595129376e-08, 3.170979198376459e-08, 3.170979198376459e-08, 0.0, 0.0]",0.38392423223381367,0.0,1.1574074074074074e-06,0.0,1e-06,0.0,0.0,0.0055117734724292105,1.111111111111111e-08,3.3333333333333334e-08,0.0,0.0,0,0.0,0.0,0.0,0.0,0.0,0,0.0
Coast_Surface_Water,freeMP,mp5,1.2155358806115764e-06,"[1.1098427194317607e-06, 2.3782343987823441e-07, 1.5854895991882297e-07, 7.927447995941155e-08, 0.0]",3254.058934010573,0.0,1.1574074074074074e-06,0.0,1e-06,0.0,0.0,0.0055117734724292105,1.111111111111111e-08,3.3333333333333334e-08,0.0,0.0,0,0.0,0.0,0.0,0.0,0.0,0,0.0
Coast_Surface_Water,heterMP,mp1,1.2155358806115764e-15,"[0.0, 0.0, 0.0, 0.0, 0.0]",0.0,1.2871664546673086e-15,1.1574074074074074e-06,0.0,1e-06,4.251929149100119e-06,0.0,0.0055117734724292105,1.111111111111111e-08,3.3333333333333334e-08,0.0,0.0,0,0.0,0.0,0.0,0.0,0.0,0,0.0
Coast_Surface_Water,heterMP,mp2,1.2155358806115763e-13,"[2.528451797958585e-11, 0.0, 0.0, 0.0, 0.0]",0.0,1.5496755613912154e-15,1.1574074074074074e-06,0.0,1e-06,3.707908069447892e-06,0.0,0.0055117734724292105,1.111111111111111e-08,3.3333333333333334e-08,0.0,0.0,0,0.0,0.0,0.0,0.0,0.0,0,0.0
Coast_Surface_Water,heterMP,mp3,1.2155358806115764e-11,"[7.935514617141138e-11, 7.935514617141138e-11, 0.0, 0.0, 0.0]",0.0,1.2689918968268753e-13,1.1574074074074074e-06,0.0,1e-06,0.0,0.0,0.0055117734724292105,1.111111111111111e-08,3.3333333333333334e-08,0.0,0.0,0,0.0,0.0,0.0,0.0,0.0,0,0.0
Coast_Surface_Water,heterMP,mp4,1.2155358806115764e-09,"[9.512947284918178e-10, 3.1709824283060594e-10, 3.1709824283060594e-10, 0.0, 0.0]",0.0,3.83916861819802e-10,1.1574074074074074e-06,0.0,1e-06,0.0,0.0,0.0055117734724292105,1.111111111111111e-08,3.3333333333333334e-08,0.0,0.0,0,0.0,0.0,0.0,0.0,0.0,0,0.0
Coast_Surface_Water,heterMP,mp5,1.2155358806115762e-07,"[1.1098427205622375e-08, 2.378234401204795e-09, 1.5854896008031967e-09, 7.92744800401599e-10, 0.0]",0.0,3.254058860816311e-06,1.1574074074074074e-06,0.0,1e-06,0.0,0.0,0.0055117734724292105,1.111111111111111e-08,3.3333333333333334e-08,0.0,0.0,0,0.0,0.0,0.0,0.0,0.0,0,0.0
Coast_Surface_Water,biofMP,mp1,2.4310717612231528e-14,"[0.0, 0.0, 0.0, 0.0, 0.0]",2.9834983195563167e-06,0.0,0.0,0.0,1e-06,4.85740075946186e-06,0.0,0.0055117734724292105,1.111111111111111e-08,3.3333333333333334e-08,0.0,0.0,0,0.0,0.0,0.0,0.0,0.0,0,0.0
Coast_Surface_Water,biofMP,mp2,2.4310717612231525e-12,"[1.943122678398596e-09, 0.0, 0.0, 0.0, 0.0]",8.869509753525331e-06,0.0,0.0,0.0,1e-06,1.1203977202338628e-05,0.0,0.0055117734724292105,1.111111111111111e-08,3.3333333333333334e-08,0.0,0.0,0,0.0,0.0,0.0,0.0,0.0,0,0.0
Coast_Surface_Water,biofMP,mp3,2.4310717612231527e-10,"[4.538912937372815e-09, 4.538912937372815e-09, 0.0, 0.0, 0.0]",0.00047987565685309687,0.0,0.0,0.0,1e-06,6.593476437133676e-05,0.0,0.0055117734724292105,1.111111111111111e-08,3.3333333333333334e-08,0.0,0.0,0,0.0,0.0,0.0,0.0,0.0,0,0.0
Coast_Surface_Water,biofMP,mp4,2.4310717612231527e-08,"[4.825491470292958e-08, 1.608497156764319e-08, 1.608497156764319e-08, 0.0, 0.0]",0.5514419554299631,0.0,0.0,0.0,1e-06,0.0,0.0,0.0055117734724292105,1.111111111111111e-08,3.3333333333333334e-08,0.0,0.0,0,0.0,0.0,0.0,0.0,0.0,0,0.0
Coast_Surface_Water,biofMP,mp5,2.431071761223153e-06,"[5.557266242310434e-07, 1.1908427662093789e-07, 7.938951774729193e-08, 3.9694758873645996e-08, 0.0]",6298.9334810318,0.0,0.0,0.0,1e-06,0.0,0.0,0.0055117734724292105,1.111111111111111e-08,3.3333333333333334e-08,0.0,0.0,0,0.0,0.0,0.0,0.0,0.0,0,0.0
Coast_Surface_Water,heterBiofMP,mp1,2.431071761223153e-15,"[0.0, 0.0, 0.0, 0.0, 0.0]",0.0,4.76300069394868e-15,0.0,0.0,1e-06,7.238556985264963e-06,0.0,0.0055117734724292105,1.111111111111111e-08,3.3333333333333334e-08,0.0,0.0,0,0.0,0.0,0.0,0.0,0.0,0,0.0
Coast_Surface_Water,heterBiofMP,mp2,2.4310717612231526e-13,"[2.069169623927708e-11, 0.0, 0.0, 0.0, 0.0]",0.0,1.056888929720789e-14,0.0,0.0,1e-06,1.2885732058669639e-05,0.0,0.0055117734724292105,1.111111111111111e-08,3.3333333333333334e-08,0.0,0.0,0,0.0,0.0,0.0,0.0,0.0,0,0.0
Coast_Surface_Water,heterBiofMP,mp3,2.4310717612231528e-11,"[4.5419898293366534e-11, 4.5419898293366534e-11, 0.0, 0.0, 0.0]",0.0,4.826269183861442e-13,0.0,0.0,1e-06,6.642863545461233e-05,0.0,0.0055117734724292105,1.111111111111111e-08,3.3333333333333334e-08,0.0,0.0,0,0.0,0.0,0.0,0.0,0.0,0,0.0
Coast_Surface_Water,heterBiofMP,mp4,2.4310717612231527e-09,"[4.825496177578399e-10, 1.6084987258594664e-10, 1.6084987258594664e-10, 0.0, 0.0]",0.0,5.514267558426504e-10,0.0,0.0,1e-06,0.0,0.0,0.0055117734724292105,1.111111111111111e-08,3.3333333333333334e-08,0.0,0.0,0,0.0,0.0,0.0,0.0,0.0,0,0.0
Coast_Surface_Water,heterBiofMP,mp5,2.4310717612231525e-07,"[5.55726624794645e-09, 1.1908427674170964e-09, 7.938951782780643e-10, 3.969475891390325e-10, 0.0]",0.0,6.2989333341813895e-06,0.0,0.0,1e-06,0.0,0.0,0.0055117734724292105,1.111111111111111e-08,3.3333333333333334e-08,0.0,0.0,0,0.0,0.0,0.0,0.0,0.0,0,0.0
Coast_Column_Water,freeMP,mp1,1.2155358806115764e-15,"[0.0, 0.0, 0.0, 0.0, 0.0]",1.5728197012228166e-07,0.0,3.858024691358025e-07,0.0,3.335820895522388e-07,0.0,1.2893793527242943e-10,0.000276,0.0,0.0,0.0,0.0,0,0.0,0.0,0.0,0.0,0.0,0,0.0
Coast_Column_Water,freeMP,mp2,1.2155358806115763e-13,"[1.5854895991882296e-10, 0.0, 0.0, 0.0, 0.0]",4.155283069419581e-07,0.0,3.858024691358025e-07,0.0,3.335820895522388e-07,0.0,1.2893793527242947e-08,0.000276,0.0,0.0,0.0,0.0,0,0.0,0.0,0.0,0.0,0.0,0,0.0
Coast_Column_Water,freeMP,mp3,1.2155358806115764e-11,"[7.927447995941146e-10, 7.927447995941146e-10, 0.0, 0.0, 0.0]",5.665244543190343e-05,0.0,3.858024691358025e-07,0.0,3.335820895522388e-07,0.0,1.2893793527242944e-06,0.000276,0.0,0.0,0.0,0.0,0,0.0,0.0,0.0,0.0,0.0,0,0.0
Coast_Column_Water,freeMP,mp4,1.2155358806115764e-09,"[9.512937595129376e-09, 3.1709791983764586e-09, 3.1709791983764586e-09, 0.0, 0.0]",0.33455566188468405,0.0,3.858024691358025e-07,0.0,3.335820895522388e-07,0.0,0.00012893793527242944,0.000276,0.0,0.0,0.0,0.0,0,0.0,0.0,0.0,0.0,0.0,0,0.0
Coast_Column_Water,freeMP,mp5,1.2155358806115762e-07,"[1.1098427194317603e-07, 2.3782343987823436e-08, 1.5854895991882293e-08, 7.927447995941153e-09, 0.0]",3206.5725460265317,0.0,3.858024691358025e-07,0.0,3.335820895522388e-07,0.0,0.012893793527242944,0.000276,0.0,0.0,0.0,0.0,0,0.0,0.0,0.0,0.0,0.0,0,0.0
Coast_Column_Water,heterMP,mp1,1.2155358806115763e-16,"[0.0, 0.0, 0.0, 0.0, 0.0]",0.0,1.3115470246882453e-16,3.858024691358025e-07,0.0,3.335820895522388e-07,2.1259645745500593e-07,0.0,0.000276,0.0,0.0,0.0,0.0,0,0.0,0.0,0.0,0.0,0.0,0,0.0
Coast_Column_Water,heterMP,mp2,1.2155358806115764e-14,"[2.528451797958585e-12, 0.0, 0.0, 0.0, 0.0]",0.0,2.1364229353711776e-16,3.858024691358025e-07,0.0,3.335820895522388e-07,1.853954034723946e-07,0.0,0.000276,0.0,0.0,0.0,0.0,0,0.0,0.0,0.0,0.0,0.0,0,0.0
Coast_Column_Water,heterMP,mp3,1.2155358806115762e-12,"[7.935514617141138e-12, 7.935514617141138e-12, 0.0, 0.0, 0.0]",0.0,5.571518336838409e-14,3.858024691358025e-07,0.0,3.335820895522388e-07,0.0,1.2572448150778087e-06,0.000276,0.0,0.0,0.0,0.0,0,0.0,0.0,0.0,0.0,0.0,0,0.0
Coast_Column_Water,heterMP,mp4,1.2155358806115764e-10,"[9.512947284918179e-11, 3.170982428306059e-11, 3.170982428306059e-11, 0.0, 0.0]",0.0,3.345481427692903e-10,3.858024691358025e-07,0.0,3.335820895522388e-07,0.0,0.0001289347184186563,0.000276,0.0,0.0,0.0,0.0,0,0.0,0.0,0.0,0.0,0.0,0,0.0
Coast_Column_Water,heterMP,mp5,1.2155358806115764e-08,"[1.1098427205622372e-09, 2.378234401204794e-10, 1.5854896008031963e-10, 7.927448004015988e-11, 0.0]",0.0,3.206572472687372e-06,3.858024691358025e-07,0.0,3.335820895522388e-07,0.0,0.012893793205557239,0.000276,0.0,0.0,0.0,0.0,0,0.0,0.0,0.0,0.0,0.0,0,0.0
Coast_Column_Water,biofMP,mp1,2.431071761223153e-15,"[0.0, 0.0, 0.0, 0.0, 0.0]",4.2457622138356046e-07,0.0,0.0,0.0,3.335820895522388e-07,2.4287003797309303e-07,0.0,0.000276,0.0,0.0,0.0,0.0,0,0.0,0.0,0.0,0.0,0.0,0,0.0
Coast_Column_Water,biofMP,mp2,2.4310717612231526e-13,"[1.943122678398596e-10, 0.0, 0.0, 0.0, 0.0]",3.250494170725013e-06,0.0,0.0,0.0,3.335820895522388e-07,5.601988601169314e-07,0.0,0.000276,0.0,0.0,0.0,0.0,0,0.0,0.0,0.0,0.0,0.0,0,0.0
Coast_Column_Water,biofMP,mp3,2.4310717612231528e-11,"[4.538912937372814e-10, 4.538912937372814e-10, 0.0, 0.0, 0.0]",0.0002767766716204438,0.0,0.0,0.0,3.335820895522388e-07,3.296738218566838e-06,0.0,0.000276,0.0,0.0,0.0,0.0,0,0.0,0.0,0.0,0.0,0.0,0,0.0
Coast_Column_Water,biofMP,mp4,2.4310717612231527e-09,"[4.825491470292957e-09, 1.6084971567643192e-09, 1.6084971567643192e-09, 0.0, 0.0]",0.4484069844998629,0.0,0.0,0.0,3.335820895522388e-07,0.0,8.313282446606519e-05,0.000276,0.0,0.0,0.0,0.0,0,0.0,0.0,0.0,0.0,0.0,0,0.0
Coast_Column_Water,biofMP,mp5,2.4310717612231525e-07,"[5.557266242310434e-08, 1.1908427662093789e-08, 7.938951774729193e-09, 3.9694758873646e-09, 0.0]",6203.547251348572,0.0,0.0,0.0,3.335820895522388e-07,0.0,0.012435532005168802,0.000276,0.0,0.0,0.0,0.0,0,0.0,0.0,0.0,0.0,0.0,0,0.0
Coast_Column_Water,heterBiofMP,mp1,2.4310717612231526e-16,"[0.0, 0.0, 0.0, 0.0, 0.0]",0.0,1.225325382249441e-15,0.0,0.0,3.335820895522388e-07,3.6192784926324814e-07,0.0,0.000276,0.0,0.0,0.0,0.0,0,0.0,0.0,0.0,0.0,0.0,0,0.0
Coast_Column_Water,heterBiofMP,mp2,2.4310717612231528e-14,"[2.069169623927708e-12, 0.0, 0.0, 0.0, 0.0]",0.0,4.234654576012578e-15,0.0,0.0,3.335820895522388e-07,6.44286602933482e-07,0.0,0.000276,0.0,0.0,0.0,0.0,0,0.0,0.0,0.0,0.0,0.0,0,0.0
Coast_Column_Water,heterBiofMP,mp3,2.4310717612231525e-12,"[4.541989829336653e-12, 4.541989829336653e-12, 0.0, 0.0, 0.0]",0.0,2.791611299272107e-13,0.0,0.0,3.335820895522388e-07,3.3214317727306165e-06,0.0,0.000276,0.0,0.0,0.0,0.0,0,0.0,0.0,0.0,0.0,0.0,0,0.0
Coast_Column_Water,heterBiofMP,mp4,2.4310717612231527e-10,"[4.8254961775783987e-11, 1.608498725859466e-11, 1.608498725859466e-11, 0.0, 0.0]",0.0,4.483914876314691e-10,0.0,0.0,3.335820895522388e-07,0.0,8.312970198520855e-05,0.000276,0.0,0.0,0.0,0.0,0,0.0,0.0,0.0,0.0,0.0,0,0.0
Coast_Column_Water,heterBiofMP,mp5,2.4310717612231527e-08,"[5.557266247946449e-10, 1.1908427674170962e-10, 7.938951782780642e-11, 3.9694758913903243e-11, 0.0]",0.0,6.203547104208368e-06,0.0,0.0,3.335820895522388e-07,0.0,0.01243553168445197,0.000276,0.0,0.0,0.0,0.0,0,0.0,0.0,0.0,0.0,0.0,0,0.0
Surface_Freshwater,freeMP,mp1,1.2155358806115764e-14,"[0.0, 0.0, 0.0, 0.0, 0.0]",1.4723936871094372e-06,0.0,1.1574074074074074e-06,0.0,1.3038674033149171e-08,0.0,0.0,0.0067,0.0,0.0,0.0,0.0,0,0.0,0.0,0.0,0.0,0.0,0,0.0
Surface_Freshwater,freeMP,mp2,1.2155358806115762e-12,"[1.5854895991882293e-09, 0.0, 0.0, 0.0, 0.0]",4.82034252311324e-06,0.0,1.1574074074074074e-06,0.0,1.3038674033149171e-08,0.0,0.0,0.0067,0.0,0.0,0.0,0.0,0,0.0,0.0,0.0,0.0,0.0,0,0.0
Surface_Freshwater,freeMP,mp3,1.2155358806115764e-10,"[7.927447995941148e-09, 7.927447995941148e-09, 0.0, 0.0, 0.0]",0.00043987134828463176,0.0,1.1574074074074074e-06,0.0,1.3038674033149171e-08,0.0,0.0,0.0067,0.0,0.0,0.0,0.0,0,0.0,0.0,0.0,0.0,0.0,0,0.0
Surface_Freshwater,freeMP,mp4,1.2155358806115764e-08,"[9.512937595129376e-08, 3.170979198376459e-08, 3.170979198376459e-08, 0.0, 0.0]",0.786154745089292,0.0,1.1574074074074074e-06,0.0,1.3038674033149171e-08,0.0,0.0,0.0067,0.0,0.0,0.0,0.0,0,0.0,0.0,0.0,0.0,0.0,0,0.0
Surface_Freshwater,freeMP,mp5,1.2155358806115764e-06,"[1.1098427194317607e-06, 2.3782343987823441e-07, 1.5854895991882297e-07, 7.927447995941155e-08, 0.0]",5571.674068045066,0.0,1.1574074074074074e-06,0.0,1.3038674033149171e-08,0.0,0.0,0.0067,0.0,0.0,0.0,0.0,0,0.0,0.0,0.0,0.0,0.0,0,0.0
Surface_Freshwater,heterMP,mp1,1.2155358806115764e-15,"[0.0, 0.0, 0.0, 0.0, 0.0]",0.0,5.5163953489829085e-15,1.1574074074074074e-06,0.0,1.3038674033149171e-08,1.1458655467057387e-05,0.0,0.0067,0.0,0.0,0.0,0.0,0,0.0,0.0,0.0,0.0,0.0,0,0.0
Surface_Freshwater,heterMP,mp2,1.2155358806115763e-13,"[2.528451797958585e-11, 0.0, 0.0, 0.0, 0.0]",0.0,6.60758079092664e-15,1.1574074074074074e-06,0.0,1.3038674033149171e-08,1.0270554306557235e-05,0.0,0.0067,0.0,0.0,0.0,0.0,0,0.0,0.0,0.0,0.0,0.0,0,0.0
Surface_Freshwater,heterMP,mp3,1.2155358806115764e-11,"[7.935514617141138e-11, 7.935514617141138e-11, 0.0, 0.0, 0.0]",0.0,4.362524215281855e-13,1.1574074074074074e-06,0.0,1.3038674033149171e-08,0.0,0.0,0.0067,0.0,0.0,0.0,0.0,0,0.0,0.0,0.0,0.0,0.0,0,0.0
Surface_Freshwater,heterMP,mp4,1.2155358806115764e-09,"[9.512947284918178e-10, 3.1709824283060594e-10, 3.1709824283060594e-10, 0.0, 0.0]",0.0,7.861196814302183e-10,1.1574074074074074e-06,0.0,1.3038674033149171e-08,0.0,0.0,0.0067,0.0,0.0,0.0,0.0,0,0.0,0.0,0.0,0.0,0.0,0,0.0
Surface_Freshwater,heterMP,mp5,1.2155358806115762e-07,"[1.1098427205622375e-08, 2.378234401204795e-09, 1.5854896008031967e-09, 7.92744800401599e-10, 0.0]",0.0,5.571673720260103e-06,1.1574074074074074e-06,0.0,1.3038674033149171e-08,0.0,0.0,0.0067,0.0,0.0,0.0,0.0,0,0.0,0.0,0.0,0.0,0.0,0,0.0
Surface_Freshwater,biofMP,mp1,2.4310717612231528e-14,"[0.0, 0.0, 0.0, 0.0, 0.0]",1.2831613908994214e-05,0.0,0.0,0.0,1.3038674033149171e-08,1.3090296427084445e-05,0.0,0.0067,0.0,0.0,0.0,0.0,0,0.0,0.0,0.0,0.0,0.0,0,0.0
Surface_Freshwater,biofMP,mp2,2.4310717612231525e-12,"[1.943122678398596e-09, 0.0, 0.0, 0.0, 0.0]",3.9004546182662026e-05,0.0,0.0,0.0,1.3038674033149171e-08,3.0374182599035333e-05,0.0,0.0067,0.0,0.0,0.0,0.0,0,0.0,0.0,0.0,0.0,0.0,0,0.0
Surface_Freshwater,biofMP,mp3,2.4310717612231527e-10,"[4.538912937372815e-09, 4.538912937372815e-09, 0.0, 0.0, 0.0]",0.002415298442926091,0.0,0.0,0.0,1.3038674033149171e-08,0.0002164375097107017,0.0,0.0067,0.0,0.0,0.0,0.0,0,0.0,0.0,0.0,0.0,0.0,0,0.0
Surface_Freshwater,biofMP,mp4,2.4310717612231527e-08,"[4.825491470292958e-08, 1.608497156764319e-08, 1.608497156764319e-08, 0.0, 0.0]",0.543645547555992,0.0,0.0,0.0,1.3038674033149171e-08,0.0,0.0,0.0067,0.0,0.0,0.0,0.0,0,0.0,0.0,0.0,0.0,0.0,0,0.0
Surface_Freshwater,biofMP,mp5,2.431071761223153e-06,"[5.557266242310434e-07, 1.1908427662093789e-07, 7.938951774729193e-08, 3.9694758873645996e-08, 0.0]",10149.48476297458,0.0,0.0,0.0,1.3038674033149171e-08,0.0,0.0,0.0067,0.0,0.0,0.0,0.0,0,0.0,0.0,0.0,0.0,0.0,0,0.0
Surface_Freshwater,heterBiofMP,mp1,2.431071761223153e-15,"[0.0, 0.0, 0.0, 0.0, 0.0]",0.0,2.068918311908361e-14,0.0,0.0,1.3038674033149171e-08,1.9507125087009488e-05,0.0,0.0067,0.0,0.0,0.0,0.0,0,0.0,0.0,0.0,0.0,0.0,0,0.0
Surface_Freshwater,heterBiofMP,mp2,2.4310717612231526e-13,"[2.069169623927708e-11, 0.0, 0.0, 0.0, 0.0]",0.0,4.6591784612105936e-14,0.0,0.0,1.3038674033149171e-08,3.4895246312243426e-05,0.0,0.0067,0.0,0.0,0.0,0.0,0,0.0,0.0,0.0,0.0,0.0,0,0.0
Surface_Freshwater,heterBiofMP,mp3,2.4310717612231528e-11,"[4.5419898293366534e-11, 4.5419898293366534e-11, 0.0, 0.0, 0.0]",0.0,2.4280163060288395e-12,0.0,0.0,1.3038674033149171e-08,0.0002177421703792056,0.0,0.0067,0.0,0.0,0.0,0.0,0,0.0,0.0,0.0,0.0,0.0,0,0.0
Surface_Freshwater,heterBiofMP,mp4,2.4310717612231527e-09,"[4.825496177578399e-10, 1.6084987258594664e-10, 1.6084987258594664e-10, 0.0, 0.0]",0.0,5.435733553878579e-10,0.0,0.0,1.3038674033149171e-08,0.0,0.0,0.0067,0.0,0.0,0.0,0.0,0,0.0,0.0,0.0,0.0,0.0,0,0.0
Surface_Freshwater,heterBiofMP,mp5,2.4310717612231525e-07,"[5.55726624794645e-09, 1.1908427674170964e-09, 7.938951782780643e-10, 3.969475891390325e-10, 0.0]",0.0,1.0149484065326411e-05,0.0,0.0,1.3038674033149171e-08,0.0,0.0,0.0067,0.0,0.0,0.0,0.0,0,0.0,0.0,0.0,0.0,0.0,0,0.0
Bulk_Freshwater,freeMP,mp1,1.2155358806115764e-15,"[0.0, 0.0, 0.0, 0.0, 0.0]",1.4723936871094372e-06,0.0,3.858024691358025e-07,0.0,1.3038674033149171e-08,0.0,2.511777959852519e-10,0.00067,0.0,0.0,0.0,0.0,0,0.0,0.0,0.0,0.0,0.0,0,0.0
Bulk_Freshwater,freeMP,mp2,1.2155358806115763e-13,"[1.5854895991882296e-10, 0.0, 0.0, 0.0, 0.0]",4.82034252311324e-06,0.0,3.858024691358025e-07,0.0,1.3038674033149171e-08,0.0,2.5117779598525193e-08,0.00067,0.0,0.0,0.0,0.0,0,0.0,0.0,0.0,0.0,0.0,0,0.0
Bulk_Freshwater,freeMP,mp3,1.2155358806115764e-11,"[7.927447995941146e-10, 7.927447995941146e-10, 0.0, 0.0, 0.0]",0.00043987134828463176,0.0,3.858024691358025e-07,0.0,1.3038674033149171e-08,0.0,2.511777959852519e-06,0.00067,0.0,0.0,0.0,0.0,0,0.0,0.0,0.0,0.0,0.0,0,0.0
Bulk_Freshwater,freeMP,mp4,1.2155358806115764e-09,"[9.512937595129376e-09, 3.1709791983764586e-09, 3.1709791983764586e-09, 0.0, 0.0]",0.786154745089292,0.0,3.858024691358025e-07,0.0,1.3038674033149171e-08,0.0,0.0002511777959852519,0.00067,0.0,0.0,0.0,0.0,0,0.0,0.0,0.0,0.0,0.0,0,0.0
Bulk_Freshwater,freeMP,mp5,1.2155358806115762e-07,"[1.1098427194317603e-07, 2.3782343987823436e-08, 1.5854895991882293e-08, 7.927447995941153e-09, 0.0]",5571.674068045066,0.0,3.858024691358025e-07,0.0,1.3038674033149171e-08,0.0,0.02511777959852519,0.00067,0.0,0.0,0.0,0.0,0,0.0,0.0,0.0,0.0,0.0,0,0.0
Bulk_Freshwater,heterMP,mp1,1.2155358806115763e-16,"[0.0, 0.0, 0.0, 0.0, 0.0]",0.0,5.5163953489829085e-15,3.858024691358025e-07,0.0,1.3038674033149171e-08,1.1458655467057386e-06,0.0,0.00067,0.0,0.0,0.0,0.0,0,0.0,0.0,0.0,0.0,0.0,0,0.0
Bulk_Freshwater,heterMP,mp2,1.2155358806115764e-14,"[2.528451797958585e-12, 0.0, 0.0, 0.0, 0.0]",0.0,6.60758079092664e-15,3.858024691358025e-07,0.0,1.3038674033149171e-08,1.0270554306557235e-06,0.0,0.00067,0.0,0.0,0.0,0.0,0,0.0,0.0,0.0,0.0,0.0,0,0.0
Bulk_Freshwater,heterMP,mp3,1.2155358806115762e-12,"[7.935514617141138e-12, 7.935514617141138e-12, 0.0, 0.0, 0.0]",0.0,4.362524215281855e-13,3.858024691358025e-07,0.0,1.3038674033149171e-08,0.0,2.3430927906858713e-06,0.00067,0.0,0.0,0.0,0.0,0,0.0,0.0,0.0,0.0,0.0,0,0.0
Bulk_Freshwater,heterMP,mp4,1.2155358806115764e-10,"[9.512947284918179e-11, 3.170982428306059e-11, 3.170982428306059e-11, 0.0, 0.0]",0.0,7.861196814302183e-10,3.858024691358025e-07,0.0,1.3038674033149171e-08,0.0,0.00025116091006097406,0.00067,0.0,0.0,0.0,0.0,0,0.0,0.0,0.0,0.0,0.0,0,0.0
Bulk_Freshwater,heterMP,mp5,1.2155358806115764e-08,"[1.1098427205622372e-09, 2.378234401204794e-10, 1.5854896008031963e-10, 7.927448004015988e-11, 0.0]",0.0,5.571673720260103e-06,3.858024691358025e-07,0.0,1.3038674033149171e-08,0.0,0.025117777909931055,0.00067,0.0,0.0,0.0,0.0,0,0.0,0.0,0.0,0.0,0.0,0,0.0
Bulk_Freshwater,biofMP,mp1,2.431071761223153e-15,"[0.0, 0.0, 0.0, 0.0, 0.0]",1.2831613908994214e-05,0.0,0.0,0.0,1.3038674033149171e-08,1.3090296427084446e-06,0.0,0.00067,0.0,0.0,0.0,0.0,0,0.0,0.0,0.0,0.0,0.0,0,0.0
Bulk_Freshwater,biofMP,mp2,2.4310717612231526e-13,"[1.943122678398596e-10, 0.0, 0.0, 0.0, 0.0]",3.9004546182662026e-05,0.0,0.0,0.0,1.3038674033149171e-08,3.037418259903533e-06,0.0,0.00067,0.0,0.0,0.0,0.0,0,0.0,0.0,0.0,0.0,0.0,0,0.0
Bulk_Freshwater,biofMP,mp3,2.4310717612231528e-11,"[4.538912937372814e-10, 4.538912937372814e-10, 0.0, 0.0, 0.0]",0.002415298442926091,0.0,0.0,0.0,1.3038674033149171e-08,2.164375097107017e-05,0.0,0.00067,0.0,0.0,0.0,0.0,0,0.0,0.0,0.0,0.0,0.0,0,0.0
Bulk_Freshwater,biofMP,mp4,2.4310717612231527e-09,"[4.825491470292957e-09, 1.6084971567643192e-09, 1.6084971567643192e-09, 0.0, 0.0]",0.543645547555992,0.0,0.0,0.0,1.3038674033149171e-08,0.0,1.0648617847105175e-05,0.00067,0.0,0.0,0.0,0.0,0,0.0,0.0,0.0,0.0,0.0,0,0.0
Bulk_Freshwater,biofMP,mp5,2.4310717612231525e-07,"[5.557266242310434e-08, 1.1908427662093789e-08, 7.938951774729193e-09, 3.9694758873646e-09, 0.0]",10149.48476297458,0.0,0.0,0.0,1.3038674033149171e-08,0.0,0.022712181533729555,0.00067,0.0,0.0,0.0,0.0,0,0.0,0.0,0.0,0.0,0.0,0,0.0
Bulk_Freshwater,heterBiofMP,mp1,2.4310717612231526e-16,"[0.0, 0.0, 0.0, 0.0, 0.0]",0.0,2.068918311908361e-14,0.0,0.0,1.3038674033149171e-08,1.950712508700949e-06,0.0,0.00067,0.0,0.0,0.0,0.0,0,0.0,0.0,0.0,0.0,0.0,0,0.0
Bulk_Freshwater,heterBiofMP,mp2,2.4310717612231528e-14,"[2.069169623927708e-12, 0.0, 0.0, 0.0, 0.0]",0.0,4.6591784612105936e-14,0.0,0.0,1.3038674033149171e-08,3.4895246312243425e-06,0.0,0.00067,0.0,0.0,0.0,0.0,0,0.0,0.0,0.0,0.0,0.0,0,0.0
Bulk_Freshwater,heterBiofMP,mp3,2.4310717612231525e-12,"[4.541989829336653e-12, 4.541989829336653e-12, 0.0, 0.0, 0.0]",0.0,2.4280163060288395e-12,0.0,0.0,1.3038674033149171e-08,2.177421703792056e-05,0.0,0.00067,0.0,0.0,0.0,0.0,0,0.0,0.0,0.0,0.0,0.0,0,0.0
Bulk_Freshwater,heterBiofMP,mp4,2.4310717612231527e-10,"[4.8254961775783987e-11, 1.608498725859466e-11, 1.608498725859466e-11, 0.0, 0.0]",0.0,5.435733553878579e-10,0.0,0.0,1.3038674033149171e-08,0.0,1.0632215254079744e-05,0.00067,0.0,0.0,0.0,0.0,0,0.0,0.0,0.0,0.0,0.0,0,0.0
Bulk_Freshwater,heterBiofMP,mp5,2.4310717612231527e-08,"[5.557266247946449e-10, 1.1908427674170962e-10, 7.938951782780642e-11, 3.9694758913903243e-11, 0.0]",0.0,1.0149484065326411e-05,0.0,0.0,1.3038674033149171e-08,0.0,0.02271217985009596,0.00067,0.0,0.0,0.0,0.0,0,0.0,0.0,0.0,0.0,0.0,0,0.0
Sediment_Freshwater,freeMP,mp1,1.2155358806115763e-16,"[0.0, 0.0, 0.0, 0.0, 0.0]",0.0,0.0,0.0,0.0,0.0,0.0,0.0,0,0.0,0.0,1e-09,2.7e-09,0,0.0,0.0,0.0,0.0,0.0,0,0.0
Sediment_Freshwater,freeMP,mp2,1.2155358806115764e-14,"[1.5854895991882293e-11, 0.0, 0.0, 0.0, 0.0]",0.0,0.0,0.0,0.0,0.0,0.0,0.0,0,0.0,0.0,1e-09,2.7e-09,0,0.0,0.0,0.0,0.0,0.0,0,0.0
Sediment_Freshwater,freeMP,mp3,1.2155358806115762e-12,"[7.927447995941148e-11, 7.927447995941148e-11, 0.0, 0.0, 0.0]",0.0,0.0,0.0,0.0,0.0,0.0,0.0,0,0.0,0.0,1e-09,2.7e-09,0,0.0,0.0,0.0,0.0,0.0,0,0.0
Sediment_Freshwater,freeMP,mp4,1.2155358806115764e-10,"[9.512937595129376e-10, 3.1709791983764586e-10, 3.1709791983764586e-10, 0.0, 0.0]",0.0,0.0,0.0,0.0,0.0,0.0,0.0,0,0.0,0.0,1e-09,2.7e-09,0,0.0,0.0,0.0,0.0,0.0,0,0.0
Sediment_Freshwater,freeMP,mp5,1.2155358806115764e-08,"[1.1098427194317605e-08, 2.378234398782344e-09, 1.5854895991882293e-09, 7.927447995941154e-10, 0.0]",0.0,0.0,0.0,0.0,0.0,0.0,0.0,0,0.0,0.0,1e-09,2.7e-09,0,0.0,0.0,0.0,0.0,0.0,0,0.0
Sediment_Freshwater,heterMP,mp1,1.2155358806115763e-17,"[0.0, 0.0, 0.0, 0.0, 0.0]",0.0,0.0,0.0,0.0,0.0,0.0,0.0,0,0.0,0.0,1e-09,2.7e-09,0,0.0,0.0,0.0,0.0,0.0,0,0.0
Sediment_Freshwater,heterMP,mp2,1.2155358806115764e-15,"[2.528451797958585e-13, 0.0, 0.0, 0.0, 0.0]",0.0,0.0,0.0,0.0,0.0,0.0,0.0,0,0.0,0.0,1e-09,2.7e-09,0,0.0,0.0,0.0,0.0,0.0,0,0.0
Sediment_Freshwater,heterMP,mp3,1.2155358806115763e-13,"[7.935514617141137e-13, 7.935514617141137e-13, 0.0, 0.0, 0.0]",0.0,0.0,0.0,0.0,0.0,0.0,0.0,0,0.0,0.0,1e-09,2.7e-09,0,0.0,0.0,0.0,0.0,0.0,0,0.0
Sediment_Freshwater,heterMP,mp4,1.2155358806115764e-11,"[9.512947284918177e-12, 3.1709824283060596e-12, 3.1709824283060596e-12, 0.0, 0.0]",0.0,0.0,0.0,0.0,0.0,0.0,0.0,0,0.0,0.0,1e-09,2.7e-09,0,0.0,0.0,0.0,0.0,0.0,0,0.0
Sediment_Freshwater,heterMP,mp5,1.2155358806115764e-09,"[1.1098427205622375e-10, 2.3782344012047947e-11, 1.5854896008031967e-11, 7.92744800401599e-12, 0.0]",0.0,0.0,0.0,0.0,0.0,0.0,0.0,0,0.0,0.0,1e-09,2.7e-09,0,0.0,0.0,0.0,0.0,0.0,0,0.0
Sediment_Freshwater,biofMP,mp1,2.4310717612231526e-16,"[0.0, 0.0, 0.0, 0.0, 0.0]",0.0,0.0,0.0,0.0,0.0,0.0,0.0,0,0.0,0.0,1e-09,2.7e-09,0,0.0,0.0,0.0,0.0,0.0,0,0.0
Sediment_Freshwater,biofMP,mp2,2.4310717612231528e-14,"[1.943122678398596e-11, 0.0, 0.0, 0.0, 0.0]",0.0,0.0,0.0,0.0,0.0,0.0,0.0,0,0.0,0.0,1e-09,2.7e-09,0,0.0,0.0,0.0,0.0,0.0,0,0.0
Sediment_Freshwater,biofMP,mp3,2.4310717612231525e-12,"[4.5389129373728136e-11, 4.5389129373728136e-11, 0.0, 0.0, 0.0]",0.0,0.0,0.0,0.0,0.0,0.0,0.0,0,0.0,0.0,1e-09,2.7e-09,0,0.0,0.0,0.0,0.0,0.0,0,0.0
Sediment_Freshwater,biofMP,mp4,2.4310717612231527e-10,"[4.825491470292957e-10, 1.6084971567643192e-10, 1.6084971567643192e-10, 0.0, 0.0]",0.0,0.0,0.0,0.0,0.0,0.0,0.0,0,0.0,0.0,1e-09,2.7e-09,0,0.0,0.0,0.0,0.0,0.0,0,0.0
Sediment_Freshwater,biofMP,mp5,2.4310717612231527e-08,"[5.557266242310434e-09, 1.1908427662093788e-09, 7.938951774729193e-10, 3.9694758873646e-10, 0.0]",0.0,0.0,0.0,0.0,0.0,0.0,0.0,0,0.0,0.0,1e-09,2.7e-09,0,0.0,0.0,0.0,0.0,0.0,0,0.0
Sediment_Freshwater,heterBiofMP,mp1,2.4310717612231526e-17,"[0.0, 0.0, 0.0, 0.0, 0.0]",0.0,0.0,0.0,0.0,0.0,0.0,0.0,0,0.0,0.0,1e-09,2.7e-09,0,0.0,0.0,0.0,0.0,0.0,0,0.0
Sediment_Freshwater,heterBiofMP,mp2,2.431071761223153e-15,"[2.069169623927708e-13, 0.0, 0.0, 0.0, 0.0]",0.0,0.0,0.0,0.0,0.0,0.0,0.0,0,0.0,0.0,1e-09,2.7e-09,0,0.0,0.0,0.0,0.0,0.0,0,0.0
Sediment_Freshwater,heterBiofMP,mp3,2.4310717612231526e-13,"[4.5419898293366534e-13, 4.5419898293366534e-13, 0.0, 0.0, 0.0]",0.0,0.0,0.0,0.0,0.0,0.0,0.0,0,0.0,0.0,1e-09,2.7e-09,0,0.0,0.0,0.0,0.0,0.0,0,0.0
Sediment_Freshwater,heterBiofMP,mp4,2.4310717612231528e-11,"[4.825496177578399e-12, 1.6084987258594664e-12, 1.6084987258594664e-12, 0.0, 0.0]",0.0,0.0,0.0,0.0,0.0,0.0,0.0,0,0.0,0.0,1e-09,2.7e-09,0,0.0,0.0,0.0,0.0,0.0,0,0.0
Sediment_Freshwater,heterBiofMP,mp5,2.4310717612231527e-09,"[5.557266247946449e-11, 1.1908427674170963e-11, 7.938951782780642e-12, 3.969475891390324e-12, 0.0]",0.0,0.0,0.0,0.0,0.0,0.0,0.0,0,0.0,0.0,1e-09,2.7e-09,0,0.0,0.0,0.0,0.0,0.0,0,0.0
Sediment_Ocean,freeMP,mp1,1.2155358806115763e-16,"[0.0, 0.0, 0.0, 0.0, 0.0]",0.0,0.0,0.0,0.0,0.0,0.0,0.0,0,0.0,0.0,1e-11,5e-10,0,0.0,0.0,0.0,0.0,0.0,0,0.0
Sediment_Ocean,freeMP,mp2,1.2155358806115764e-14,"[1.5854895991882293e-11, 0.0, 0.0, 0.0, 0.0]",0.0,0.0,0.0,0.0,0.0,0.0,0.0,0,0.0,0.0,1e-11,5e-10,0,0.0,0.0,0.0,0.0,0.0,0,0.0
Sediment_Ocean,freeMP,mp3,1.2155358806115762e-12,"[7.927447995941148e-11, 7.927447995941148e-11, 0.0, 0.0, 0.0]",0.0,0.0,0.0,0.0,0.0,0.0,0.0,0,0.0,0.0,1e-11,5e-10,0,0.0,0.0,0.0,0.0,0.0,0,0.0
Sediment_Ocean,freeMP,mp4,1.2155358806115764e-10,"[9.512937595129376e-10, 3.1709791983764586e-10, 3.1709791983764586e-10, 0.0, 0.0]",0.0,0.0,0.0,0.0,0.0,0.0,0.0,0,0.0,0.0,1e-11,5e-10,0,0.0,0.0,0.0,0.0,0.0,0,0.0
Sediment_Ocean,freeMP,mp5,1.2155358806115764e-08,"[1.1098427194317605e-08, 2.378234398782344e-09, 1.5854895991882293e-09, 7.927447995941154e-10, 0.0]",0.0,0.0,0.0,0.0,0.0,0.0,0.0,0,0.0,0.0,1e-11,5e-10,0,0.0,0.0,0.0,0.0,0.0,0,0.0
Sediment_Ocean,heterMP,mp1,1.2155358806115763e-17,"[0.0, 0.0, 0.0, 0.0, 0.0]",0.0,0.0,0.0,0.0,0.0,0.0,0.0,0,0.0,0.0,1e-11,5e-10,0,0.0,0.0,0.0,0.0,0.0,0,0.0
Sediment_Ocean,heterMP,mp2,1.2155358806115764e-15,"[2.528451797958585e-13, 0.0, 0.0, 0.0, 0.0]",0.0,0.0,0.0,0.0,0.0,0.0,0.0,0,0.0,0.0,1e-11,5e-10,0,0.0,0.0,0.0,0.0,0.0,0,0.0
Sediment_Ocean,heterMP,mp3,1.2155358806115763e-13,"[7.935514617141137e-13, 7.935514617141137e-13, 0.0, 0.0, 0.0]",0.0,0.0,0.0,0.0,0.0,0.0,0.0,0,0.0,0.0,1e-11,5e-10,0,0.0,0.0,0.0,0.0,0.0,0,0.0
Sediment_Ocean,heterMP,mp4,1.2155358806115764e-11,"[9.512947284918177e-12, 3.1709824283060596e-12, 3.1709824283060596e-12, 0.0, 0.0]",0.0,0.0,0.0,0.0,0.0,0.0,0.0,0,0.0,0.0,1e-11,5e-10,0,0.0,0.0,0.0,0.0,0.0,0,0.0
Sediment_Ocean,heterMP,mp5,1.2155358806115764e-09,"[1.1098427205622375e-10, 2.3782344012047947e-11, 1.5854896008031967e-11, 7.92744800401599e-12, 0.0]",0.0,0.0,0.0,0.0,0.0,0.0,0.0,0,0.0,0.0,1e-11,5e-10,0,0.0,0.0,0.0,0.0,0.0,0,0.0
Sediment_Ocean,biofMP,mp1,2.4310717612231526e-16,"[0.0, 0.0, 0.0, 0.0, 0.0]",0.0,0.0,0.0,0.0,0.0,0.0,0.0,0,0.0,0.0,1e-11,5e-10,0,0.0,0.0,0.0,0.0,0.0,0,0.0
Sediment_Ocean,biofMP,mp2,2.4310717612231528e-14,"[1.943122678398596e-11, 0.0, 0.0, 0.0, 0.0]",0.0,0.0,0.0,0.0,0.0,0.0,0.0,0,0.0,0.0,1e-11,5e-10,0,0.0,0.0,0.0,0.0,0.0,0,0.0
Sediment_Ocean,biofMP,mp3,2.4310717612231525e-12,"[4.5389129373728136e-11, 4.5389129373728136e-11, 0.0, 0.0, 0.0]",0.0,0.0,0.0,0.0,0.0,0.0,0.0,0,0.0,0.0,1e-11,5e-10,0,0.0,0.0,0.0,0.0,0.0,0,0.0
Sediment_Ocean,biofMP,mp4,2.4310717612231527e-10,"[4.825491470292957e-10, 1.6084971567643192e-10, 1.6084971567643192e-10, 0.0, 0.0]",0.0,0.0,0.0,0.0,0.0,0.0,0.0,0,0.0,0.0,1e-11,5e-10,0,0.0,0.0,0.0,0.0,0.0,0,0.0
Sediment_Ocean,biofMP,mp5,2.4310717612231527e-08,"[5.557266242310434e-09, 1.1908427662093788e-09, 7.938951774729193e-10, 3.9694758873646e-10, 0.0]",0.0,0.0,0.0,0.0,0.0,0.0,0.0,0,0.0,0.0,1e-11,5e-10,0,0.0,0.0,0.0,0.0,0.0,0,0.0
Sediment_Ocean,heterBiofMP,mp1,2.4310717612231526e-17,"[0.0, 0.0, 0.0, 0.0, 0.0]",0.0,0.0,0.0,0.0,0.0,0.0,0.0,0,0.0,0.0,1e-11,5e-10,0,0.0,0.0,0.0,0.0,0.0,0,0.0
Sediment_Ocean,heterBiofMP,mp2,2.431071761223153e-15,"[2.069169623927708e-13, 0.0, 0.0, 0.0, 0.0]",0.0,0.0,0.0,0.0,0.0,0.0,0.0,0,0.0,0.0,1e-11,5e-10,0,0.0,0.0,0.0,0.0,0.0,0,0.0
Sediment_Ocean,heterBiofMP,mp3,2.4310717612231526e-13,"[4.5419898293366534e-13, 4.5419898293366534e-13, 0.0, 0.0, 0.0]",0.0,0.0,0.0,0.0,0.0,0.0,0.0,0,0.0,0.0,1e-11,5e-10,0,0.0,0.0,0.0,0.0,0.0,0,0.0
Sediment_Ocean,heterBiofMP,mp4,2.4310717612231528e-11,"[4.825496177578399e-12, 1.6084987258594664e-12, 1.6084987258594664e-12, 0.0, 0.0]",0.0,0.0,0.0,0.0,0.0,0.0,0.0,0,0.0,0.0,1e-11,5e-10,0,0.0,0.0,0.0,0.0,0.0,0,0.0
Sediment_Ocean,heterBiofMP,mp5,2.4310717612231527e-09,"[5.557266247946449e-11, 1.1908427674170963e-11, 7.938951782780642e-12, 3.969475891390324e-12, 0.0]",0.0,0.0,0.0,0.0,0.0,0.0,0.0,0,0.0,0.0,1e-11,5e-10,0,0.0,0.0,0.0,0.0,0.0,0,0.0
Sediment_Coast,freeMP,mp1,1.2155358806115763e-16,"[0.0, 0.0, 0.0, 0.0, 0.0]",0.0,0.0,0.0,0.0,0.0,0.0,0.0,0,0.0,0.0,1e-10,1e-09,0,0.0,0.0,0.0,0.0,0.0,0,0.0
Sediment_Coast,freeMP,mp2,1.2155358806115764e-14,"[1.5854895991882293e-11, 0.0, 0.0, 0.0, 0.0]",0.0,0.0,0.0,0.0,0.0,0.0,0.0,0,0.0,0.0,1e-10,1e-09,0,0.0,0.0,0.0,0.0,0.0,0,0.0
Sediment_Coast,freeMP,mp3,1.2155358806115762e-12,"[7.927447995941148e-11, 7.927447995941148e-11, 0.0, 0.0, 0.0]",0.0,0.0,0.0,0.0,0.0,0.0,0.0,0,0.0,0.0,1e-10,1e-09,0,0.0,0.0,0.0,0.0,0.0,0,0.0
Sediment_Coast,freeMP,mp4,1.2155358806115764e-10,"[9.512937595129376e-10, 3.1709791983764586e-10, 3.1709791983764586e-10, 0.0, 0.0]",0.0,0.0,0.0,0.0,0.0,0.0,0.0,0,0.0,0.0,1e-10,1e-09,0,0.0,0.0,0.0,0.0,0.0,0,0.0
Sediment_Coast,freeMP,mp5,1.2155358806115764e-08,"[1.1098427194317605e-08, 2.378234398782344e-09, 1.5854895991882293e-09, 7.927447995941154e-10, 0.0]",0.0,0.0,0.0,0.0,0.0,0.0,0.0,0,0.0,0.0,1e-10,1e-09,0,0.0,0.0,0.0,0.0,0.0,0,0.0
Sediment_Coast,heterMP,mp1,1.2155358806115763e-17,"[0.0, 0.0, 0.0, 0.0, 0.0]",0.0,0.0,0.0,0.0,0.0,0.0,0.0,0,0.0,0.0,1e-10,1e-09,0,0.0,0.0,0.0,0.0,0.0,0,0.0
Sediment_Coast,heterMP,mp2,1.2155358806115764e-15,"[2.528451797958585e-13, 0.0, 0.0, 0.0, 0.0]",0.0,0.0,0.0,0.0,0.0,0.0,0.0,0,0.0,0.0,1e-10,1e-09,0,0.0,0.0,0.0,0.0,0.0,0,0.0
Sediment_Coast,heterMP,mp3,1.2155358806115763e-13,"[7.935514617141137e-13, 7.935514617141137e-13, 0.0, 0.0, 0.0]",0.0,0.0,0.0,0.0,0.0,0.0,0.0,0,0.0,0.0,1e-10,1e-09,0,0.0,0.0,0.0,0.0,0.0,0,0.0
Sediment_Coast,heterMP,mp4,1.2155358806115764e-11,"[9.512947284918177e-12, 3.1709824283060596e-12, 3.1709824283060596e-12, 0.0, 0.0]",0.0,0.0,0.0,0.0,0.0,0.0,0.0,0,0.0,0.0,1e-10,1e-09,0,0.0,0.0,0.0,0.0,0.0,0,0.0
Sediment_Coast,heterMP,mp5,1.2155358806115764e-09,"[1.1098427205622375e-10, 2.3782344012047947e-11, 1.5854896008031967e-11, 7.92744800401599e-12, 0.0]",0.0,0.0,0.0,0.0,0.0,0.0,0.0,0,0.0,0.0,1e-10,1e-09,0,0.0,0.0,0.0,0.0,0.0,0,0.0
Sediment_Coast,biofMP,mp1,2.4310717612231526e-16,"[0.0, 0.0, 0.0, 0.0, 0.0]",0.0,0.0,0.0,0.0,0.0,0.0,0.0,0,0.0,0.0,1e-10,1e-09,0,0.0,0.0,0.0,0.0,0.0,0,0.0
Sediment_Coast,biofMP,mp2,2.4310717612231528e-14,"[1.943122678398596e-11, 0.0, 0.0, 0.0, 0.0]",0.0,0.0,0.0,0.0,0.0,0.0,0.0,0,0.0,0.0,1e-10,1e-09,0,0.0,0.0,0.0,0.0,0.0,0,0.0
Sediment_Coast,biofMP,mp3,2.4310717612231525e-12,"[4.5389129373728136e-11, 4.5389129373728136e-11, 0.0, 0.0, 0.0]",0.0,0.0,0.0,0.0,0.0,0.0,0.0,0,0.0,0.0,1e-10,1e-09,0,0.0,0.0,0.0,0.0,0.0,0,0.0
Sediment_Coast,biofMP,mp4,2.4310717612231527e-10,"[4.825491470292957e-10, 1.6084971567643192e-10, 1.6084971567643192e-10, 0.0, 0.0]",0.0,0.0,0.0,0.0,0.0,0.0,0.0,0,0.0,0.0,1e-10,1e-09,0,0.0,0.0,0.0,0.0,0.0,0,0.0
Sediment_Coast,biofMP,mp5,2.4310717612231527e-08,"[5.557266242310434e-09, 1.1908427662093788e-09, 7.938951774729193e-10, 3.9694758873646e-10, 0.0]",0.0,0.0,0.0,0.0,0.0,0.0,0.0,0,0.0,0.0,1e-10,1e-09,0,0.0,0.0,0.0,0.0,0.0,0,0.0
Sediment_Coast,heterBiofMP,mp1,2.4310717612231526e-17,"[0.0, 0.0, 0.0, 0.0, 0.0]",0.0,0.0,0.0,0.0,0.0,0.0,0.0,0,0.0,0.0,1e-10,1e-09,0,0.0,0.0,0.0,0.0,0.0,0,0.0
Sediment_Coast,heterBiofMP,mp2,2.431071761223153e-15,"[2.069169623927708e-13, 0.0, 0.0, 0.0, 0.0]",0.0,0.0,0.0,0.0,0.0,0.0,0.0,0,0.0,0.0,1e-10,1e-09,0,0.0,0.0,0.0,0.0,0.0,0,0.0
Sediment_Coast,heterBiofMP,mp3,2.4310717612231526e-13,"[4.5419898293366534e-13, 4.5419898293366534e-13, 0.0, 0.0, 0.0]",0.0,0.0,0.0,0.0,0.0,0.0,0.0,0,0.0,0.0,1e-10,1e-09,0,0.0,0.0,0.0,0.0,0.0,0,0.0
Sediment_Coast,heterBiofMP,mp4,2.4310717612231528e-11,"[4.825496177578399e-12, 1.6084987258594664e-12, 1.6084987258594664e-12, 0.0, 0.0]",0.0,0.0,0.0,0.0,0.0,0.0,0.0,0,0.0,0.0,1e-10,1e-09,0,0.0,0.0,0.0,0.0,0.0,0,0.0
Sediment_Coast,heterBiofMP,mp5,2.4310717612231527e-09,"[5.557266247946449e-11, 1.1908427674170963e-11, 7.938951782780642e-12, 3.969475891390324e-12, 0.0]",0.0,0.0,0.0,0.0,0.0,0.0,0.0,0,0.0,0.0,1e-10,1e-09,0,0.0,0.0,0.0,0.0,0.0,0,0.0
Beaches_Soil_Surface,freeMP,mp1,1.2155358806115764e-15,"[0.0, 0.0, 0.0, 0.0, 0.0]",0.0,0.0,0.0,0.0,0.0,0.0,0.0,0,0.0,0.0,0.0,0.0,"[6.388888888888889e-10, 0.0]",0.0,2.777777777777778e-11,1.261111111111111e-08,0.0,0.0,0,0.0
Beaches_Soil_Surface,freeMP,mp2,1.2155358806115763e-13,"[1.5854895991882296e-10, 0.0, 0.0, 0.0, 0.0]",0.0,0.0,0.0,0.0,0.0,0.0,0.0,0,0.0,0.0,0.0,0.0,"[6.388888888888889e-10, 0.0]",0.0,2.777777777777778e-11,1.261111111111111e-08,0.0,0.0,0,0.0
Beaches_Soil_Surface,freeMP,mp3,1.2155358806115764e-11,"[7.927447995941146e-10, 7.927447995941146e-10, 0.0, 0.0, 0.0]",0.0,0.0,0.0,0.0,0.0,0.0,0.0,0,0.0,0.0,0.0,0.0,"[6.388888888888889e-10, 0.0]",0.0,2.777777777777778e-11,1.261111111111111e-08,0.0,0.0,0,0.0
Beaches_Soil_Surface,freeMP,mp4,1.2155358806115764e-09,"[9.512937595129376e-09, 3.1709791983764586e-09, 3.1709791983764586e-09, 0.0, 0.0]",0.0,0.0,0.0,0.0,0.0,0.0,0.0,0,0.0,0.0,0.0,0.0,"[6.388888888888889e-10, 0.0]",0.0,2.777777777777778e-11,1.261111111111111e-08,0.0,0.0,0,0.0
Beaches_Soil_Surface,freeMP,mp5,1.2155358806115762e-07,"[1.1098427194317603e-07, 2.3782343987823436e-08, 1.5854895991882293e-08, 7.927447995941153e-09, 0.0]",0.0,0.0,0.0,0.0,0.0,0.0,0.0,0,0.0,0.0,0.0,0.0,"[6.388888888888889e-10, 0.0]",0.0,2.777777777777778e-11,1.261111111111111e-08,0.0,0.0,0,0.0
Beaches_Soil_Surface,heterMP,mp1,1.2155358806115763e-16,"[0.0, 0.0, 0.0, 0.0, 0.0]",0.0,0.0,0.0,0.0,0.0,0.0,0.0,0,0.0,0.0,0.0,0.0,"[6.388888888888889e-10, 0.0]",0.0,2.777777777777778e-11,1.261111111111111e-08,0.0,0.0,0,0.0
Beaches_Soil_Surface,heterMP,mp2,1.2155358806115764e-14,"[2.528451797958585e-12, 0.0, 0.0, 0.0, 0.0]",0.0,0.0,0.0,0.0,0.0,0.0,0.0,0,0.0,0.0,0.0,0.0,"[6.388888888888889e-10, 0.0]",0.0,2.777777777777778e-11,1.261111111111111e-08,0.0,0.0,0,0.0
Beaches_Soil_Surface,heterMP,mp3,1.2155358806115762e-12,"[7.935514617141138e-12, 7.935514617141138e-12, 0.0, 0.0, 0.0]",0.0,0.0,0.0,0.0,0.0,0.0,0.0,0,0.0,0.0,0.0,0.0,"[6.388888888888889e-10, 0.0]",0.0,2.777777777777778e-11,1.261111111111111e-08,0.0,0.0,0,0.0
Beaches_Soil_Surface,heterMP,mp4,1.2155358806115764e-10,"[9.512947284918179e-11, 3.170982428306059e-11, 3.170982428306059e-11, 0.0, 0.0]",0.0,0.0,0.0,0.0,0.0,0.0,0.0,0,0.0,0.0,0.0,0.0,"[6.388888888888889e-10, 0.0]",0.0,2.777777777777778e-11,1.261111111111111e-08,0.0,0.0,0,0.0
Beaches_Soil_Surface,heterMP,mp5,1.2155358806115764e-08,"[1.1098427205622372e-09, 2.378234401204794e-10, 1.5854896008031963e-10, 7.927448004015988e-11, 0.0]",0.0,0.0,0.0,0.0,0.0,0.0,0.0,0,0.0,0.0,0.0,0.0,"[6.388888888888889e-10, 0.0]",0.0,2.777777777777778e-11,1.261111111111111e-08,0.0,0.0,0,0.0
Beaches_Soil_Surface,biofMP,mp1,2.431071761223153e-15,"[0.0, 0.0, 0.0, 0.0, 0.0]",0.0,0.0,0.0,0.0,0.0,0.0,0.0,0,0.0,0.0,0.0,0.0,"[6.388888888888889e-10, 0.0]",0.0,2.777777777777778e-11,1.261111111111111e-08,0.0,0.0,0,0.0
Beaches_Soil_Surface,biofMP,mp2,2.4310717612231526e-13,"[1.943122678398596e-10, 0.0, 0.0, 0.0, 0.0]",0.0,0.0,0.0,0.0,0.0,0.0,0.0,0,0.0,0.0,0.0,0.0,"[6.388888888888889e-10, 0.0]",0.0,2.777777777777778e-11,1.261111111111111e-08,0.0,0.0,0,0.0
Beaches_Soil_Surface,biofMP,mp3,2.4310717612231528e-11,"[4.538912937372814e-10, 4.538912937372814e-10, 0.0, 0.0, 0.0]",0.0,0.0,0.0,0.0,0.0,0.0,0.0,0,0.0,0.0,0.0,0.0,"[6.388888888888889e-10, 0.0]",0.0,2.777777777777778e-11,1.261111111111111e-08,0.0,0.0,0,0.0
Beaches_Soil_Surface,biofMP,mp4,2.4310717612231527e-09,"[4.825491470292957e-09, 1.6084971567643192e-09, 1.6084971567643192e-09, 0.0, 0.0]",0.0,0.0,0.0,0.0,0.0,0.0,0.0,0,0.0,0.0,0.0,0.0,"[6.388888888888889e-10, 0.0]",0.0,2.777777777777778e-11,1.261111111111111e-08,0.0,0.0,0,0.0
Beaches_Soil_Surface,biofMP,mp5,2.4310717612231525e-07,"[5.557266242310434e-08, 1.1908427662093789e-08, 7.938951774729193e-09, 3.9694758873646e-09, 0.0]",0.0,0.0,0.0,0.0,0.0,0.0,0.0,0,0.0,0.0,0.0,0.0,"[6.388888888888889e-10, 0.0]",0.0,2.777777777777778e-11,1.261111111111111e-08,0.0,0.0,0,0.0
Beaches_Soil_Surface,heterBiofMP,mp1,2.4310717612231526e-16,"[0.0, 0.0, 0.0, 0.0, 0.0]",0.0,0.0,0.0,0.0,0.0,0.0,0.0,0,0.0,0.0,0.0,0.0,"[6.388888888888889e-10, 0.0]",0.0,2.777777777777778e-11,1.261111111111111e-08,0.0,0.0,0,0.0
Beaches_Soil_Surface,heterBiofMP,mp2,2.4310717612231528e-14,"[2.069169623927708e-12, 0.0, 0.0, 0.0, 0.0]",0.0,0.0,0.0,0.0,0.0,0.0,0.0,0,0.0,0.0,0.0,0.0,"[6.388888888888889e-10, 0.0]",0.0,2.777777777777778e-11,1.261111111111111e-08,0.0,0.0,0,0.0
Beaches_Soil_Surface,heterBiofMP,mp3,2.4310717612231525e-12,"[4.541989829336653e-12, 4.541989829336653e-12, 0.0, 0.0, 0.0]",0.0,0.0,0.0,0.0,0.0,0.0,0.0,0,0.0,0.0,0.0,0.0,"[6.388888888888889e-10, 0.0]",0.0,2.777777777777778e-11,1.261111111111111e-08,0.0,0.0,0,0.0
Beaches_Soil_Surface,heterBiofMP,mp4,2.4310717612231527e-10,"[4.8254961775783987e-11, 1.608498725859466e-11, 1.608498725859466e-11, 0.0, 0.0]",0.0,0.0,0.0,0.0,0.0,0.0,0.0,0,0.0,0.0,0.0,0.0,"[6.388888888888889e-10, 0.0]",0.0,2.777777777777778e-11,1.261111111111111e-08,0.0,0.0,0,0.0
Beaches_Soil_Surface,heterBiofMP,mp5,2.4310717612231527e-08,"[5.557266247946449e-10, 1.1908427674170962e-10, 7.938951782780642e-11, 3.9694758913903243e-11, 0.0]",0.0,0.0,0.0,0.0,0.0,0.0,0.0,0,0.0,0.0,0.0,0.0,"[6.388888888888889e-10, 0.0]",0.0,2.777777777777778e-11,1.261111111111111e-08,0.0,0.0,0,0.0
Beaches_Deep_Soil,freeMP,mp1,1.2155358806115763e-16,"[0.0, 0.0, 0.0, 0.0, 0.0]",0.0,0.0,0.0,0.0,0.0,0.0,0.0,0,0.0,0.0,0.0,0.0,0,0.0,0.0,1.261111111111111e-09,6.305555555555555e-11,0.0,0,0.0
Beaches_Deep_Soil,freeMP,mp2,1.2155358806115764e-14,"[1.5854895991882293e-11, 0.0, 0.0, 0.0, 0.0]",0.0,0.0,0.0,0.0,0.0,0.0,0.0,0,0.0,0.0,0.0,0.0,0,0.0,0.0,1.261111111111111e-09,6.305555555555555e-11,0.0,0,0.0
Beaches_Deep_Soil,freeMP,mp3,1.2155358806115762e-12,"[7.927447995941148e-11, 7.927447995941148e-11, 0.0, 0.0, 0.0]",0.0,0.0,0.0,0.0,0.0,0.0,0.0,0,0.0,0.0,0.0,0.0,0,0.0,0.0,1.261111111111111e-09,6.305555555555555e-11,0.0,0,0.0
Beaches_Deep_Soil,freeMP,mp4,1.2155358806115764e-10,"[9.512937595129376e-10, 3.1709791983764586e-10, 3.1709791983764586e-10, 0.0, 0.0]",0.0,0.0,0.0,0.0,0.0,0.0,0.0,0,0.0,0.0,0.0,0.0,0,0.0,0.0,1.261111111111111e-09,6.305555555555555e-11,0.0,0,0.0
Beaches_Deep_Soil,freeMP,mp5,1.2155358806115764e-08,"[1.1098427194317605e-08, 2.378234398782344e-09, 1.5854895991882293e-09, 7.927447995941154e-10, 0.0]",0.0,0.0,0.0,0.0,0.0,0.0,0.0,0,0.0,0.0,0.0,0.0,0,0.0,0.0,1.261111111111111e-09,6.305555555555555e-11,0.0,0,0.0
Beaches_Deep_Soil,heterMP,mp1,1.2155358806115763e-17,"[0.0, 0.0, 0.0, 0.0, 0.0]",0.0,0.0,0.0,0.0,0.0,0.0,0.0,0,0.0,0.0,0.0,0.0,0,0.0,0.0,1.261111111111111e-09,6.305555555555555e-11,0.0,0,0.0
Beaches_Deep_Soil,heterMP,mp2,1.2155358806115764e-15,"[2.528451797958585e-13, 0.0, 0.0, 0.0, 0.0]",0.0,0.0,0.0,0.0,0.0,0.0,0.0,0,0.0,0.0,0.0,0.0,0,0.0,0.0,1.261111111111111e-09,6.305555555555555e-11,0.0,0,0.0
Beaches_Deep_Soil,heterMP,mp3,1.2155358806115763e-13,"[7.935514617141137e-13, 7.935514617141137e-13, 0.0, 0.0, 0.0]",0.0,0.0,0.0,0.0,0.0,0.0,0.0,0,0.0,0.0,0.0,0.0,0,0.0,0.0,1.261111111111111e-09,6.305555555555555e-11,0.0,0,0.0
Beaches_Deep_Soil,heterMP,mp4,1.2155358806115764e-11,"[9.512947284918177e-12, 3.1709824283060596e-12, 3.1709824283060596e-12, 0.0, 0.0]",0.0,0.0,0.0,0.0,0.0,0.0,0.0,0,0.0,0.0,0.0,0.0,0,0.0,0.0,1.261111111111111e-09,6.305555555555555e-11,0.0,0,0.0
Beaches_Deep_Soil,heterMP,mp5,1.2155358806115764e-09,"[1.1098427205622375e-10, 2.3782344012047947e-11, 1.5854896008031967e-11, 7.92744800401599e-12, 0.0]",0.0,0.0,0.0,0.0,0.0,0.0,0.0,0,0.0,0.0,0.0,0.0,0,0.0,0.0,1.261111111111111e-09,6.305555555555555e-11,0.0,0,0.0
Beaches_Deep_Soil,biofMP,mp1,2.4310717612231526e-16,"[0.0, 0.0, 0.0, 0.0, 0.0]",0.0,0.0,0.0,0.0,0.0,0.0,0.0,0,0.0,0.0,0.0,0.0,0,0.0,0.0,1.261111111111111e-09,6.305555555555555e-11,0.0,0,0.0
Beaches_Deep_Soil,biofMP,mp2,2.4310717612231528e-14,"[1.943122678398596e-11, 0.0, 0.0, 0.0, 0.0]",0.0,0.0,0.0,0.0,0.0,0.0,0.0,0,0.0,0.0,0.0,0.0,0,0.0,0.0,1.261111111111111e-09,6.305555555555555e-11,0.0,0,0.0
Beaches_Deep_Soil,biofMP,mp3,2.4310717612231525e-12,"[4.5389129373728136e-11, 4.5389129373728136e-11, 0.0, 0.0, 0.0]",0.0,0.0,0.0,0.0,0.0,0.0,0.0,0,0.0,0.0,0.0,0.0,0,0.0,0.0,1.261111111111111e-09,6.305555555555555e-11,0.0,0,0.0
Beaches_Deep_Soil,biofMP,mp4,2.4310717612231527e-10,"[4.825491470292957e-10, 1.6084971567643192e-10, 1.6084971567643192e-10, 0.0, 0.0]",0.0,0.0,0.0,0.0,0.0,0.0,0.0,0,0.0,0.0,0.0,0.0,0,0.0,0.0,1.261111111111111e-09,6.305555555555555e-11,0.0,0,0.0
Beaches_Deep_Soil,biofMP,mp5,2.4310717612231527e-08,"[5.557266242310434e-09, 1.1908427662093788e-09, 7.938951774729193e-10, 3.9694758873646e-10, 0.0]",0.0,0.0,0.0,0.0,0.0,0.0,0.0,0,0.0,0.0,0.0,0.0,0,0.0,0.0,1.261111111111111e-09,6.305555555555555e-11,0.0,0,0.0
Beaches_Deep_Soil,heterBiofMP,mp1,2.4310717612231526e-17,"[0.0, 0.0, 0.0, 0.0, 0.0]",0.0,0.0,0.0,0.0,0.0,0.0,0.0,0,0.0,0.0,0.0,0.0,0,0.0,0.0,1.261111111111111e-09,6.305555555555555e-11,0.0,0,0.0
Beaches_Deep_Soil,heterBiofMP,mp2,2.431071761223153e-15,"[2.069169623927708e-13, 0.0, 0.0, 0.0, 0.0]",0.0,0.0,0.0,0.0,0.0,0.0,0.0,0,0.0,0.0,0.0,0.0,0,0.0,0.0,1.261111111111111e-09,6.305555555555555e-11,0.0,0,0.0
Beaches_Deep_Soil,heterBiofMP,mp3,2.4310717612231526e-13,"[4.5419898293366534e-13, 4.5419898293366534e-13, 0.0, 0.0, 0.0]",0.0,0.0,0.0,0.0,0.0,0.0,0.0,0,0.0,0.0,0.0,0.0,0,0.0,0.0,1.261111111111111e-09,6.305555555555555e-11,0.0,0,0.0
Beaches_Deep_Soil,heterBiofMP,mp4,2.4310717612231528e-11,"[4.825496177578399e-12, 1.6084987258594664e-12, 1.6084987258594664e-12, 0.0, 0.0]",0.0,0.0,0.0,0.0,0.0,0.0,0.0,0,0.0,0.0,0.0,0.0,0,0.0,0.0,1.261111111111111e-09,6.305555555555555e-11,0.0,0,0.0
Beaches_Deep_Soil,heterBiofMP,mp5,2.4310717612231527e-09,"[5.557266247946449e-11, 1.1908427674170963e-11, 7.938951782780642e-12, 3.969475891390324e-12, 0.0]",0.0,0.0,0.0,0.0,0.0,0.0,0.0,0,0.0,0.0,0.0,0.0,0,0.0,0.0,1.261111111111111e-09,6.305555555555555e-11,0.0,0,0.0
Background_Soil_Surface,freeMP,mp1,1.2155358806115764e-15,"[0.0, 0.0, 0.0, 0.0, 0.0]",0.0,0.0,0.0,0.0,0.0,0.0,0.0,0,0.0,0.0,0.0,0.0,"[0.0, 6.388888888888889e-10]",0.0,2.777777777777778e-11,1.261111111111111e-08,0.0,0.0,0,0.0
Background_Soil_Surface,freeMP,mp2,1.2155358806115763e-13,"[1.5854895991882296e-10, 0.0, 0.0, 0.0, 0.0]",0.0,0.0,0.0,0.0,0.0,0.0,0.0,0,0.0,0.0,0.0,0.0,"[0.0, 6.388888888888889e-10]",0.0,2.777777777777778e-11,1.261111111111111e-08,0.0,0.0,0,0.0
Background_Soil_Surface,freeMP,mp3,1.2155358806115764e-11,"[7.927447995941146e-10, 7.927447995941146e-10, 0.0, 0.0, 0.0]",0.0,0.0,0.0,0.0,0.0,0.0,0.0,0,0.0,0.0,0.0,0.0,"[0.0, 6.388888888888889e-10]",0.0,2.777777777777778e-11,1.261111111111111e-08,0.0,0.0,0,0.0
Background_Soil_Surface,freeMP,mp4,1.2155358806115764e-09,"[9.512937595129376e-09, 3.1709791983764586e-09, 3.1709791983764586e-09, 0.0, 0.0]",0.0,0.0,0.0,0.0,0.0,0.0,0.0,0,0.0,0.0,0.0,0.0,"[0.0, 6.388888888888889e-10]",0.0,2.777777777777778e-11,1.261111111111111e-08,0.0,0.0,0,0.0
Background_Soil_Surface,freeMP,mp5,1.2155358806115762e-07,"[1.1098427194317603e-07, 2.3782343987823436e-08, 1.5854895991882293e-08, 7.927447995941153e-09, 0.0]",0.0,0.0,0.0,0.0,0.0,0.0,0.0,0,0.0,0.0,0.0,0.0,"[0.0, 6.388888888888889e-10]",0.0,2.777777777777778e-11,1.261111111111111e-08,0.0,0.0,0,0.0
Background_Soil_Surface,heterMP,mp1,1.2155358806115763e-16,"[0.0, 0.0, 0.0, 0.0, 0.0]",0.0,0.0,0.0,0.0,0.0,0.0,0.0,0,0.0,0.0,0.0,0.0,"[0.0, 6.388888888888889e-10]",0.0,2.777777777777778e-11,1.261111111111111e-08,0.0,0.0,0,0.0
Background_Soil_Surface,heterMP,mp2,1.2155358806115764e-14,"[2.528451797958585e-12, 0.0, 0.0, 0.0, 0.0]",0.0,0.0,0.0,0.0,0.0,0.0,0.0,0,0.0,0.0,0.0,0.0,"[0.0, 6.388888888888889e-10]",0.0,2.777777777777778e-11,1.261111111111111e-08,0.0,0.0,0,0.0
Background_Soil_Surface,heterMP,mp3,1.2155358806115762e-12,"[7.935514617141138e-12, 7.935514617141138e-12, 0.0, 0.0, 0.0]",0.0,0.0,0.0,0.0,0.0,0.0,0.0,0,0.0,0.0,0.0,0.0,"[0.0, 6.388888888888889e-10]",0.0,2.777777777777778e-11,1.261111111111111e-08,0.0,0.0,0,0.0
Background_Soil_Surface,heterMP,mp4,1.2155358806115764e-10,"[9.512947284918179e-11, 3.170982428306059e-11, 3.170982428306059e-11, 0.0, 0.0]",0.0,0.0,0.0,0.0,0.0,0.0,0.0,0,0.0,0.0,0.0,0.0,"[0.0, 6.388888888888889e-10]",0.0,2.777777777777778e-11,1.261111111111111e-08,0.0,0.0,0,0.0
Background_Soil_Surface,heterMP,mp5,1.2155358806115764e-08,"[1.1098427205622372e-09, 2.378234401204794e-10, 1.5854896008031963e-10, 7.927448004015988e-11, 0.0]",0.0,0.0,0.0,0.0,0.0,0.0,0.0,0,0.0,0.0,0.0,0.0,"[0.0, 6.388888888888889e-10]",0.0,2.777777777777778e-11,1.261111111111111e-08,0.0,0.0,0,0.0
Background_Soil_Surface,biofMP,mp1,2.431071761223153e-15,"[0.0, 0.0, 0.0, 0.0, 0.0]",0.0,0.0,0.0,0.0,0.0,0.0,0.0,0,0.0,0.0,0.0,0.0,"[0.0, 6.388888888888889e-10]",0.0,2.777777777777778e-11,1.261111111111111e-08,0.0,0.0,0,0.0
Background_Soil_Surface,biofMP,mp2,2.4310717612231526e-13,"[1.943122678398596e-10, 0.0, 0.0, 0.0, 0.0]",0.0,0.0,0.0,0.0,0.0,0.0,0.0,0,0.0,0.0,0.0,0.0,"[0.0, 6.388888888888889e-10]",0.0,2.777777777777778e-11,1.261111111111111e-08,0.0,0.0,0,0.0
Background_Soil_Surface,biofMP,mp3,2.4310717612231528e-11,"[4.538912937372814e-10, 4.538912937372814e-10, 0.0, 0.0, 0.0]",0.0,0.0,0.0,0.0,0.0,0.0,0.0,0,0.0,0.0,0.0,0.0,"[0.0, 6.388888888888889e-10]",0.0,2.777777777777778e-11,1.261111111111111e-08,0.0,0.0,0,0.0
Background_Soil_Surface,biofMP,mp4,2.4310717612231527e-09,"[4.825491470292957e-09, 1.6084971567643192e-09, 1.6084971567643192e-09, 0.0, 0.0]",0.0,0.0,0.0,0.0,0.0,0.0,0.0,0,0.0,0.0,0.0,0.0,"[0.0, 6.388888888888889e-10]",0.0,2.777777777777778e-11,1.261111111111111e-08,0.0,0.0,0,0.0
Background_Soil_Surface,biofMP,mp5,2.4310717612231525e-07,"[5.557266242310434e-08, 1.1908427662093789e-08, 7.938951774729193e-09, 3.9694758873646e-09, 0.0]",0.0,0.0,0.0,0.0,0.0,0.0,0.0,0,0.0,0.0,0.0,0.0,"[0.0, 6.388888888888889e-10]",0.0,2.777777777777778e-11,1.261111111111111e-08,0.0,0.0,0,0.0
Background_Soil_Surface,heterBiofMP,mp1,2.4310717612231526e-16,"[0.0, 0.0, 0.0, 0.0, 0.0]",0.0,0.0,0.0,0.0,0.0,0.0,0.0,0,0.0,0.0,0.0,0.0,"[0.0, 6.388888888888889e-10]",0.0,2.777777777777778e-11,1.261111111111111e-08,0.0,0.0,0,0.0
Background_Soil_Surface,heterBiofMP,mp2,2.4310717612231528e-14,"[0.0, 0.0, 0.0, 0.0, 0.0]",0.0,0.0,0.0,0.0,0.0,0.0,0.0,0,0.0,0.0,0.0,0.0,"[0.0, 6.388888888888889e-10]",0.0,2.777777777777778e-11,1.261111111111111e-08,0.0,0.0,0,0.0
Background_Soil_Surface,heterBiofMP,mp3,2.4310717612231525e-12,"[0.0, 0.0, 0.0, 0.0, 0.0]",0.0,0.0,0.0,0.0,0.0,0.0,0.0,0,0.0,0.0,0.0,0.0,"[0.0, 6.388888888888889e-10]",0.0,2.777777777777778e-11,1.261111111111111e-08,0.0,0.0,0,0.0
Background_Soil_Surface,heterBiofMP,mp4,2.4310717612231527e-10,"[0.0, 0.0, 0.0, 0.0, 0.0]",0.0,0.0,0.0,0.0,0.0,0.0,0.0,0,0.0,0.0,0.0,0.0,"[0.0, 6.388888888888889e-10]",0.0,2.777777777777778e-11,1.261111111111111e-08,0.0,0.0,0,0.0
Background_Soil_Surface,heterBiofMP,mp5,2.4310717612231527e-08,"[0.0, 0.0, 0.0, 0.0, 0.0]",0.0,0.0,0.0,0.0,0.0,0.0,0.0,0,0.0,0.0,0.0,0.0,"[0.0, 6.388888888888889e-10]",0.0,2.777777777777778e-11,1.261111111111111e-08,0.0,0.0,0,0.0
Background_Soil,freeMP,mp1,1.2155358806115763e-16,"[0.0, 0.0, 0.0, 0.0, 0.0]",0.0,0.0,0.0,0.0,0.0,0.0,0.0,0,0.0,0.0,0.0,0.0,0,0.0,0.0,1.261111111111111e-09,6.305555555555555e-11,0.0,0,0.0
Background_Soil,freeMP,mp2,1.2155358806115764e-14,"[1.5854895991882293e-11, 0.0, 0.0, 0.0, 0.0]",0.0,0.0,0.0,0.0,0.0,0.0,0.0,0,0.0,0.0,0.0,0.0,0,0.0,0.0,1.261111111111111e-09,6.305555555555555e-11,0.0,0,0.0
Background_Soil,freeMP,mp3,1.2155358806115762e-12,"[7.927447995941148e-11, 7.927447995941148e-11, 0.0, 0.0, 0.0]",0.0,0.0,0.0,0.0,0.0,0.0,0.0,0,0.0,0.0,0.0,0.0,0,0.0,0.0,1.261111111111111e-09,6.305555555555555e-11,0.0,0,0.0
Background_Soil,freeMP,mp4,1.2155358806115764e-10,"[9.512937595129376e-10, 3.1709791983764586e-10, 3.1709791983764586e-10, 0.0, 0.0]",0.0,0.0,0.0,0.0,0.0,0.0,0.0,0,0.0,0.0,0.0,0.0,0,0.0,0.0,1.261111111111111e-09,6.305555555555555e-11,0.0,0,0.0
Background_Soil,freeMP,mp5,1.2155358806115764e-08,"[1.1098427194317605e-08, 2.378234398782344e-09, 1.5854895991882293e-09, 7.927447995941154e-10, 0.0]",0.0,0.0,0.0,0.0,0.0,0.0,0.0,0,0.0,0.0,0.0,0.0,0,0.0,0.0,1.261111111111111e-09,6.305555555555555e-11,0.0,0,0.0
Background_Soil,heterMP,mp1,1.2155358806115763e-17,"[0.0, 0.0, 0.0, 0.0, 0.0]",0.0,0.0,0.0,0.0,0.0,0.0,0.0,0,0.0,0.0,0.0,0.0,0,0.0,0.0,1.261111111111111e-09,6.305555555555555e-11,0.0,0,0.0
Background_Soil,heterMP,mp2,1.2155358806115764e-15,"[2.528451797958585e-13, 0.0, 0.0, 0.0, 0.0]",0.0,0.0,0.0,0.0,0.0,0.0,0.0,0,0.0,0.0,0.0,0.0,0,0.0,0.0,1.261111111111111e-09,6.305555555555555e-11,0.0,0,0.0
Background_Soil,heterMP,mp3,1.2155358806115763e-13,"[7.935514617141137e-13, 7.935514617141137e-13, 0.0, 0.0, 0.0]",0.0,0.0,0.0,0.0,0.0,0.0,0.0,0,0.0,0.0,0.0,0.0,0,0.0,0.0,1.261111111111111e-09,6.305555555555555e-11,0.0,0,0.0
Background_Soil,heterMP,mp4,1.2155358806115764e-11,"[9.512947284918177e-12, 3.1709824283060596e-12, 3.1709824283060596e-12, 0.0, 0.0]",0.0,0.0,0.0,0.0,0.0,0.0,0.0,0,0.0,0.0,0.0,0.0,0,0.0,0.0,1.261111111111111e-09,6.305555555555555e-11,0.0,0,0.0
Background_Soil,heterMP,mp5,1.2155358806115764e-09,"[1.1098427205622375e-10, 2.3782344012047947e-11, 1.5854896008031967e-11, 7.92744800401599e-12, 0.0]",0.0,0.0,0.0,0.0,0.0,0.0,0.0,0,0.0,0.0,0.0,0.0,0,0.0,0.0,1.261111111111111e-09,6.305555555555555e-11,0.0,0,0.0
Background_Soil,biofMP,mp1,2.4310717612231526e-16,"[0.0, 0.0, 0.0, 0.0, 0.0]",0.0,0.0,0.0,0.0,0.0,0.0,0.0,0,0.0,0.0,0.0,0.0,0,0.0,0.0,1.261111111111111e-09,6.305555555555555e-11,0.0,0,0.0
Background_Soil,biofMP,mp2,2.4310717612231528e-14,"[1.943122678398596e-11, 0.0, 0.0, 0.0, 0.0]",0.0,0.0,0.0,0.0,0.0,0.0,0.0,0,0.0,0.0,0.0,0.0,0,0.0,0.0,1.261111111111111e-09,6.305555555555555e-11,0.0,0,0.0
Background_Soil,biofMP,mp3,2.4310717612231525e-12,"[4.5389129373728136e-11, 4.5389129373728136e-11, 0.0, 0.0, 0.0]",0.0,0.0,0.0,0.0,0.0,0.0,0.0,0,0.0,0.0,0.0,0.0,0,0.0,0.0,1.261111111111111e-09,6.305555555555555e-11,0.0,0,0.0
Background_Soil,biofMP,mp4,2.4310717612231527e-10,"[4.825491470292957e-10, 1.6084971567643192e-10, 1.6084971567643192e-10, 0.0, 0.0]",0.0,0.0,0.0,0.0,0.0,0.0,0.0,0,0.0,0.0,0.0,0.0,0,0.0,0.0,1.261111111111111e-09,6.305555555555555e-11,0.0,0,0.0
Background_Soil,biofMP,mp5,2.4310717612231527e-08,"[5.557266242310434e-09, 1.1908427662093788e-09, 7.938951774729193e-10, 3.9694758873646e-10, 0.0]",0.0,0.0,0.0,0.0,0.0,0.0,0.0,0,0.0,0.0,0.0,0.0,0,0.0,0.0,1.261111111111111e-09,6.305555555555555e-11,0.0,0,0.0
Background_Soil,heterBiofMP,mp1,2.4310717612231526e-17,"[0.0, 0.0, 0.0, 0.0, 0.0]",0.0,0.0,0.0,0.0,0.0,0.0,0.0,0,0.0,0.0,0.0,0.0,0,0.0,0.0,1.261111111111111e-09,6.305555555555555e-11,0.0,0,0.0
Background_Soil,heterBiofMP,mp2,2.431071761223153e-15,"[2.069169623927708e-13, 0.0, 0.0, 0.0, 0.0]",0.0,0.0,0.0,0.0,0.0,0.0,0.0,0,0.0,0.0,0.0,0.0,0,0.0,0.0,1.261111111111111e-09,6.305555555555555e-11,0.0,0,0.0
Background_Soil,heterBiofMP,mp3,2.4310717612231526e-13,"[4.5419898293366534e-13, 4.5419898293366534e-13, 0.0, 0.0, 0.0]",0.0,0.0,0.0,0.0,0.0,0.0,0.0,0,0.0,0.0,0.0,0.0,0,0.0,0.0,1.261111111111111e-09,6.305555555555555e-11,0.0,0,0.0
Background_Soil,heterBiofMP,mp4,2.4310717612231528e-11,"[4.825496177578399e-12, 1.6084987258594664e-12, 1.6084987258594664e-12, 0.0, 0.0]",0.0,0.0,0.0,0.0,0.0,0.0,0.0,0,0.0,0.0,0.0,0.0,0,0.0,0.0,1.261111111111111e-09,6.305555555555555e-11,0.0,0,0.0
Background_Soil,heterBiofMP,mp5,2.4310717612231527e-09,"[5.557266247946449e-11, 1.1908427674170963e-11, 7.938951782780642e-12, 3.969475891390324e-12, 0.0]",0.0,0.0,0.0,0.0,0.0,0.0,0.0,0,0.0,0.0,0.0,0.0,0,0.0,0.0,1.261111111111111e-09,6.305555555555555e-11,0.0,0,0.0
Impacted_Soil_Surface,freeMP,mp1,1.2155358806115764e-15,"[0.0, 0.0, 0.0, 0.0, 0.0]",0.0,0.0,0.0,0.0,0.0,0.0,0.0,0,0.0,0.0,0.0,0.0,"[0.0, 3.194444444444444e-11]",0.0,1.3888888888888889e-12,6.305555555555555e-10,0.0,0.0,0,0.0
Impacted_Soil_Surface,freeMP,mp2,1.2155358806115763e-13,"[1.5854895991882296e-10, 0.0, 0.0, 0.0, 0.0]",0.0,0.0,0.0,0.0,0.0,0.0,0.0,0,0.0,0.0,0.0,0.0,"[0.0, 3.194444444444444e-11]",0.0,1.3888888888888889e-12,6.305555555555555e-10,0.0,0.0,0,0.0
Impacted_Soil_Surface,freeMP,mp3,1.2155358806115764e-11,"[7.927447995941146e-10, 7.927447995941146e-10, 0.0, 0.0, 0.0]",0.0,0.0,0.0,0.0,0.0,0.0,0.0,0,0.0,0.0,0.0,0.0,"[0.0, 3.194444444444444e-11]",0.0,1.3888888888888889e-12,6.305555555555555e-10,0.0,0.0,0,0.0
Impacted_Soil_Surface,freeMP,mp4,1.2155358806115764e-09,"[9.512937595129376e-09, 3.1709791983764586e-09, 3.1709791983764586e-09, 0.0, 0.0]",0.0,0.0,0.0,0.0,0.0,0.0,0.0,0,0.0,0.0,0.0,0.0,"[0.0, 3.194444444444444e-11]",0.0,1.3888888888888889e-12,6.305555555555555e-10,0.0,0.0,0,0.0
Impacted_Soil_Surface,freeMP,mp5,1.2155358806115762e-07,"[1.1098427194317603e-07, 2.3782343987823436e-08, 1.5854895991882293e-08, 7.927447995941153e-09, 0.0]",0.0,0.0,0.0,0.0,0.0,0.0,0.0,0,0.0,0.0,0.0,0.0,"[0.0, 3.194444444444444e-11]",0.0,1.3888888888888889e-12,6.305555555555555e-10,0.0,0.0,0,0.0
Impacted_Soil_Surface,heterMP,mp1,1.2155358806115763e-16,"[0.0, 0.0, 0.0, 0.0, 0.0]",0.0,0.0,0.0,0.0,0.0,0.0,0.0,0,0.0,0.0,0.0,0.0,"[0.0, 3.194444444444444e-11]",0.0,1.3888888888888889e-12,6.305555555555555e-10,0.0,0.0,0,0.0
Impacted_Soil_Surface,heterMP,mp2,1.2155358806115764e-14,"[2.528451797958585e-12, 0.0, 0.0, 0.0, 0.0]",0.0,0.0,0.0,0.0,0.0,0.0,0.0,0,0.0,0.0,0.0,0.0,"[0.0, 3.194444444444444e-11]",0.0,1.3888888888888889e-12,6.305555555555555e-10,0.0,0.0,0,0.0
Impacted_Soil_Surface,heterMP,mp3,1.2155358806115762e-12,"[7.935514617141138e-12, 7.935514617141138e-12, 0.0, 0.0, 0.0]",0.0,0.0,0.0,0.0,0.0,0.0,0.0,0,0.0,0.0,0.0,0.0,"[0.0, 3.194444444444444e-11]",0.0,1.3888888888888889e-12,6.305555555555555e-10,0.0,0.0,0,0.0
Impacted_Soil_Surface,heterMP,mp4,1.2155358806115764e-10,"[9.512947284918179e-11, 3.170982428306059e-11, 3.170982428306059e-11, 0.0, 0.0]",0.0,0.0,0.0,0.0,0.0,0.0,0.0,0,0.0,0.0,0.0,0.0,"[0.0, 3.194444444444444e-11]",0.0,1.3888888888888889e-12,6.305555555555555e-10,0.0,0.0,0,0.0
Impacted_Soil_Surface,heterMP,mp5,1.2155358806115764e-08,"[1.1098427205622372e-09, 2.378234401204794e-10, 1.5854896008031963e-10, 7.927448004015988e-11, 0.0]",0.0,0.0,0.0,0.0,0.0,0.0,0.0,0,0.0,0.0,0.0,0.0,"[0.0, 3.194444444444444e-11]",0.0,1.3888888888888889e-12,6.305555555555555e-10,0.0,0.0,0,0.0
Impacted_Soil_Surface,biofMP,mp1,2.431071761223153e-15,"[0.0, 0.0, 0.0, 0.0, 0.0]",0.0,0.0,0.0,0.0,0.0,0.0,0.0,0,0.0,0.0,0.0,0.0,"[0.0, 3.194444444444444e-11]",0.0,1.3888888888888889e-12,6.305555555555555e-10,0.0,0.0,0,0.0
Impacted_Soil_Surface,biofMP,mp2,2.4310717612231526e-13,"[1.943122678398596e-10, 0.0, 0.0, 0.0, 0.0]",0.0,0.0,0.0,0.0,0.0,0.0,0.0,0,0.0,0.0,0.0,0.0,"[0.0, 3.194444444444444e-11]",0.0,1.3888888888888889e-12,6.305555555555555e-10,0.0,0.0,0,0.0
Impacted_Soil_Surface,biofMP,mp3,2.4310717612231528e-11,"[4.538912937372814e-10, 4.538912937372814e-10, 0.0, 0.0, 0.0]",0.0,0.0,0.0,0.0,0.0,0.0,0.0,0,0.0,0.0,0.0,0.0,"[0.0, 3.194444444444444e-11]",0.0,1.3888888888888889e-12,6.305555555555555e-10,0.0,0.0,0,0.0
Impacted_Soil_Surface,biofMP,mp4,2.4310717612231527e-09,"[4.825491470292957e-09, 1.6084971567643192e-09, 1.6084971567643192e-09, 0.0, 0.0]",0.0,0.0,0.0,0.0,0.0,0.0,0.0,0,0.0,0.0,0.0,0.0,"[0.0, 3.194444444444444e-11]",0.0,1.3888888888888889e-12,6.305555555555555e-10,0.0,0.0,0,0.0
Impacted_Soil_Surface,biofMP,mp5,2.4310717612231525e-07,"[5.557266242310434e-08, 1.1908427662093789e-08, 7.938951774729193e-09, 3.9694758873646e-09, 0.0]",0.0,0.0,0.0,0.0,0.0,0.0,0.0,0,0.0,0.0,0.0,0.0,"[0.0, 3.194444444444444e-11]",0.0,1.3888888888888889e-12,6.305555555555555e-10,0.0,0.0,0,0.0
Impacted_Soil_Surface,heterBiofMP,mp1,2.4310717612231526e-16,"[0.0, 0.0, 0.0, 0.0, 0.0]",0.0,0.0,0.0,0.0,0.0,0.0,0.0,0,0.0,0.0,0.0,0.0,"[0.0, 3.194444444444444e-11]",0.0,1.3888888888888889e-12,6.305555555555555e-10,0.0,0.0,0,0.0
Impacted_Soil_Surface,heterBiofMP,mp2,2.4310717612231528e-14,"[2.069169623927708e-12, 0.0, 0.0, 0.0, 0.0]",0.0,0.0,0.0,0.0,0.0,0.0,0.0,0,0.0,0.0,0.0,0.0,"[0.0, 3.194444444444444e-11]",0.0,1.3888888888888889e-12,6.305555555555555e-10,0.0,0.0,0,0.0
Impacted_Soil_Surface,heterBiofMP,mp3,2.4310717612231525e-12,"[4.541989829336653e-12, 4.541989829336653e-12, 0.0, 0.0, 0.0]",0.0,0.0,0.0,0.0,0.0,0.0,0.0,0,0.0,0.0,0.0,0.0,"[0.0, 3.194444444444444e-11]",0.0,1.3888888888888889e-12,6.305555555555555e-10,0.0,0.0,0,0.0
Impacted_Soil_Surface,heterBiofMP,mp4,2.4310717612231527e-10,"[4.8254961775783987e-11, 1.608498725859466e-11, 1.608498725859466e-11, 0.0, 0.0]",0.0,0.0,0.0,0.0,0.0,0.0,0.0,0,0.0,0.0,0.0,0.0,"[0.0, 3.194444444444444e-11]",0.0,1.3888888888888889e-12,6.305555555555555e-10,0.0,0.0,0,0.0
Impacted_Soil_Surface,heterBiofMP,mp5,2.4310717612231527e-08,"[5.557266247946449e-10, 1.1908427674170962e-10, 7.938951782780642e-11, 3.9694758913903243e-11, 0.0]",0.0,0.0,0.0,0.0,0.0,0.0,0.0,0,0.0,0.0,0.0,0.0,"[0.0, 3.194444444444444e-11]",0.0,1.3888888888888889e-12,6.305555555555555e-10,0.0,0.0,0,0.0
Impacted_Soil,freeMP,mp1,1.2155358806115763e-16,"[0.0, 0.0, 0.0, 0.0, 0.0]",0.0,0.0,0.0,0.0,0.0,0.0,0.0,0,0.0,0.0,0.0,0.0,0,0.0,0.0,1.261111111111111e-09,6.305555555555555e-11,0.0,0,0.0
Impacted_Soil,freeMP,mp2,1.2155358806115764e-14,"[1.5854895991882293e-11, 0.0, 0.0, 0.0, 0.0]",0.0,0.0,0.0,0.0,0.0,0.0,0.0,0,0.0,0.0,0.0,0.0,0,0.0,0.0,1.261111111111111e-09,6.305555555555555e-11,0.0,0,0.0
Impacted_Soil,freeMP,mp3,1.2155358806115762e-12,"[7.927447995941148e-11, 7.927447995941148e-11, 0.0, 0.0, 0.0]",0.0,0.0,0.0,0.0,0.0,0.0,0.0,0,0.0,0.0,0.0,0.0,0,0.0,0.0,1.261111111111111e-09,6.305555555555555e-11,0.0,0,0.0
Impacted_Soil,freeMP,mp4,1.2155358806115764e-10,"[9.512937595129376e-10, 3.1709791983764586e-10, 3.1709791983764586e-10, 0.0, 0.0]",0.0,0.0,0.0,0.0,0.0,0.0,0.0,0,0.0,0.0,0.0,0.0,0,0.0,0.0,1.261111111111111e-09,6.305555555555555e-11,0.0,0,0.0
Impacted_Soil,freeMP,mp5,1.2155358806115764e-08,"[1.1098427194317605e-08, 2.378234398782344e-09, 1.5854895991882293e-09, 7.927447995941154e-10, 0.0]",0.0,0.0,0.0,0.0,0.0,0.0,0.0,0,0.0,0.0,0.0,0.0,0,0.0,0.0,1.261111111111111e-09,6.305555555555555e-11,0.0,0,0.0
Impacted_Soil,heterMP,mp1,1.2155358806115763e-17,"[0.0, 0.0, 0.0, 0.0, 0.0]",0.0,0.0,0.0,0.0,0.0,0.0,0.0,0,0.0,0.0,0.0,0.0,0,0.0,0.0,1.261111111111111e-09,6.305555555555555e-11,0.0,0,0.0
Impacted_Soil,heterMP,mp2,1.2155358806115764e-15,"[2.528451797958585e-13, 0.0, 0.0, 0.0, 0.0]",0.0,0.0,0.0,0.0,0.0,0.0,0.0,0,0.0,0.0,0.0,0.0,0,0.0,0.0,1.261111111111111e-09,6.305555555555555e-11,0.0,0,0.0
Impacted_Soil,heterMP,mp3,1.2155358806115763e-13,"[7.935514617141137e-13, 7.935514617141137e-13, 0.0, 0.0, 0.0]",0.0,0.0,0.0,0.0,0.0,0.0,0.0,0,0.0,0.0,0.0,0.0,0,0.0,0.0,1.261111111111111e-09,6.305555555555555e-11,0.0,0,0.0
Impacted_Soil,heterMP,mp4,1.2155358806115764e-11,"[9.512947284918177e-12, 3.1709824283060596e-12, 3.1709824283060596e-12, 0.0, 0.0]",0.0,0.0,0.0,0.0,0.0,0.0,0.0,0,0.0,0.0,0.0,0.0,0,0.0,0.0,1.261111111111111e-09,6.305555555555555e-11,0.0,0,0.0
Impacted_Soil,heterMP,mp5,1.2155358806115764e-09,"[1.1098427205622375e-10, 2.3782344012047947e-11, 1.5854896008031967e-11, 7.92744800401599e-12, 0.0]",0.0,0.0,0.0,0.0,0.0,0.0,0.0,0,0.0,0.0,0.0,0.0,0,0.0,0.0,1.261111111111111e-09,6.305555555555555e-11,0.0,0,0.0
Impacted_Soil,biofMP,mp1,2.4310717612231526e-16,"[0.0, 0.0, 0.0, 0.0, 0.0]",0.0,0.0,0.0,0.0,0.0,0.0,0.0,0,0.0,0.0,0.0,0.0,0,0.0,0.0,1.261111111111111e-09,6.305555555555555e-11,0.0,0,0.0
Impacted_Soil,biofMP,mp2,2.4310717612231528e-14,"[1.943122678398596e-11, 0.0, 0.0, 0.0, 0.0]",0.0,0.0,0.0,0.0,0.0,0.0,0.0,0,0.0,0.0,0.0,0.0,0,0.0,0.0,1.261111111111111e-09,6.305555555555555e-11,0.0,0,0.0
Impacted_Soil,biofMP,mp3,2.4310717612231525e-12,"[4.5389129373728136e-11, 4.5389129373728136e-11, 0.0, 0.0, 0.0]",0.0,0.0,0.0,0.0,0.0,0.0,0.0,0,0.0,0.0,0.0,0.0,0,0.0,0.0,1.261111111111111e-09,6.305555555555555e-11,0.0,0,0.0
Impacted_Soil,biofMP,mp4,2.4310717612231527e-10,"[4.825491470292957e-10, 1.6084971567643192e-10, 1.6084971567643192e-10, 0.0, 0.0]",0.0,0.0,0.0,0.0,0.0,0.0,0.0,0,0.0,0.0,0.0,0.0,0,0.0,0.0,1.261111111111111e-09,6.305555555555555e-11,0.0,0,0.0
Impacted_Soil,biofMP,mp5,2.4310717612231527e-08,"[5.557266242310434e-09, 1.1908427662093788e-09, 7.938951774729193e-10, 3.9694758873646e-10, 0.0]",0.0,0.0,0.0,0.0,0.0,0.0,0.0,0,0.0,0.0,0.0,0.0,0,0.0,0.0,1.261111111111111e-09,6.305555555555555e-11,0.0,0,0.0
Impacted_Soil,heterBiofMP,mp1,2.4310717612231526e-17,"[0.0, 0.0, 0.0, 0.0, 0.0]",0.0,0.0,0.0,0.0,0.0,0.0,0.0,0,0.0,0.0,0.0,0.0,0,0.0,0.0,1.261111111111111e-09,6.305555555555555e-11,0.0,0,0.0
Impacted_Soil,heterBiofMP,mp2,2.431071761223153e-15,"[2.069169623927708e-13, 0.0, 0.0, 0.0, 0.0]",0.0,0.0,0.0,0.0,0.0,0.0,0.0,0,0.0,0.0,0.0,0.0,0,0.0,0.0,1.261111111111111e-09,6.305555555555555e-11,0.0,0,0.0
Impacted_Soil,heterBiofMP,mp3,2.4310717612231526e-13,"[4.5419898293366534e-13, 4.5419898293366534e-13, 0.0, 0.0, 0.0]",0.0,0.0,0.0,0.0,0.0,0.0,0.0,0,0.0,0.0,0.0,0.0,0,0.0,0.0,1.261111111111111e-09,6.305555555555555e-11,0.0,0,0.0
Impacted_Soil,heterBiofMP,mp4,2.4310717612231528e-11,"[4.825496177578399e-12, 1.6084987258594664e-12, 1.6084987258594664e-12, 0.0, 0.0]",0.0,0.0,0.0,0.0,0.0,0.0,0.0,0,0.0,0.0,0.0,0.0,0,0.0,0.0,1.261111111111111e-09,6.305555555555555e-11,0.0,0,0.0
Impacted_Soil,heterBiofMP,mp5,2.4310717612231527e-09,"[5.557266247946449e-11, 1.1908427674170963e-11, 7.938951782780642e-12, 3.969475891390324e-12, 0.0]",0.0,0.0,0.0,0.0,0.0,0.0,0.0,0,0.0,0.0,0.0,0.0,0,0.0,0.0,1.261111111111111e-09,6.305555555555555e-11,0.0,0,0.0
Air,freeMP,mp1,1.2155358806115763e-17,"[0.0, 0.0, 0.0, 0.0, 0.0]",0.0,0.0,0.0,0.0,0.0,0.0,0.0,0,0.0,0.0,0.0,0.0,0,0.0,0.0,0.0,0.0,0.0,"[5.056196078431373e-10, 4.156627450980393e-11, 1.4036372549019609e-11, 5.335372549019608e-19, 1.3540058823529413e-10, 9.414450980392157e-11]",0.0
Air,freeMP,mp2,1.2155358806115764e-15,"[0.0, 0.0, 0.0, 0.0, 0.0]",0.0,0.0,0.0,0.0,0.0,0.0,0.0,0,0.0,0.0,0.0,0.0,0,0.0,0.0,0.0,0.0,0.0,"[5.0561960784313725e-08, 4.156627450980393e-09, 1.403637254901961e-09, 5.335372549019608e-17, 1.3540058823529412e-08, 9.414450980392157e-09]",0.0
Air,freeMP,mp3,1.2155358806115763e-13,"[0.0, 0.0, 0.0, 0.0, 0.0]",0.0,0.0,0.0,0.0,0.0,0.0,0.0,0,0.0,0.0,0.0,0.0,0,0.0,0.0,0.0,0.0,0.0,"[5.056196078431372e-06, 4.1566274509803926e-07, 1.403637254901961e-07, 5.335372549019608e-15, 1.3540058823529413e-06, 9.414450980392157e-07]",0.0
Air,freeMP,mp4,1.2155358806115764e-11,"[0.0, 0.0, 0.0, 0.0, 0.0]",0.0,0.0,0.0,0.0,0.0,0.0,0.0,0,0.0,0.0,0.0,0.0,0,0.0,0.0,0.0,0.0,0.0,"[0.0005056196078431373, 4.156627450980393e-05, 1.4036372549019609e-05, 5.335372549019608e-13, 0.00013540058823529412, 9.414450980392157e-05]",0.0
Air,freeMP,mp5,1.2155358806115764e-09,"[0.0, 0.0, 0.0, 0.0, 0.0]",0.0,0.0,0.0,0.0,0.0,0.0,0.0,0,0.0,0.0,0.0,0.0,0,0.0,0.0,0.0,0.0,0.0,"[0.005056196078431372, 0.0004156627450980393, 0.0001403637254901961, 5.335372549019608e-12, 0.0013540058823529413, 0.0009414450980392157]",0.0
Air,heterMP,mp1,1.2155358806115763e-18,"[0.0, 0.0, 0.0, 0.0, 0.0]",0.0,0.0,0.0,0.0,0.0,0.0,0.0,0,0.0,0.0,0.0,0.0,0,0.0,0.0,0.0,0.0,0.0,"[5.056196078431373e-10, 4.156627450980393e-11, 1.4036372549019609e-11, 5.335372549019608e-19, 1.3540058823529413e-10, 9.414450980392157e-11]",0.0
Air,heterMP,mp2,1.2155358806115763e-16,"[0.0, 0.0, 0.0, 0.0, 0.0]",0.0,0.0,0.0,0.0,0.0,0.0,0.0,0,0.0,0.0,0.0,0.0,0,0.0,0.0,0.0,0.0,0.0,"[5.0561960784313725e-08, 4.156627450980393e-09, 1.403637254901961e-09, 5.335372549019608e-17, 1.3540058823529412e-08, 9.414450980392157e-09]",0.0
Air,heterMP,mp3,1.2155358806115764e-14,"[0.0, 0.0, 0.0, 0.0, 0.0]",0.0,0.0,0.0,0.0,0.0,0.0,0.0,0,0.0,0.0,0.0,0.0,0,0.0,0.0,0.0,0.0,0.0,"[5.056196078431372e-06, 4.1566274509803926e-07, 1.403637254901961e-07, 5.335372549019608e-15, 1.3540058823529413e-06, 9.414450980392157e-07]",0.0
Air,heterMP,mp4,1.2155358806115762e-12,"[0.0, 0.0, 0.0, 0.0, 0.0]",0.0,0.0,0.0,0.0,0.0,0.0,0.0,0,0.0,0.0,0.0,0.0,0,0.0,0.0,0.0,0.0,0.0,"[0.0005056196078431373, 4.156627450980393e-05, 1.4036372549019609e-05, 5.335372549019608e-13, 0.00013540058823529412, 9.414450980392157e-05]",0.0
Air,heterMP,mp5,1.2155358806115764e-10,"[0.0, 0.0, 0.0, 0.0, 0.0]",0.0,0.0,0.0,0.0,0.0,0.0,0.0,0,0.0,0.0,0.0,0.0,0,0.0,0.0,0.0,0.0,0.0,"[0.005056196078431372, 0.0004156627450980393, 0.0001403637254901961, 5.335372549019608e-12, 0.0013540058823529413, 0.0009414450980392157]",0.0
Air,biofMP,mp1,2.4310717612231526e-17,"[0.0, 0.0, 0.0, 0.0, 0.0]",0.0,0.0,0.0,0.0,0.0,0.0,0.0,0,0.0,0.0,0.0,0.0,0,0.0,0.0,0.0,0.0,0.0,"[5.056196078431373e-10, 4.156627450980393e-11, 1.4036372549019609e-11, 5.335372549019608e-19, 1.3540058823529413e-10, 9.414450980392157e-11]",0.0
Air,biofMP,mp2,2.431071761223153e-15,"[0.0, 0.0, 0.0, 0.0, 0.0]",0.0,0.0,0.0,0.0,0.0,0.0,0.0,0,0.0,0.0,0.0,0.0,0,0.0,0.0,0.0,0.0,0.0,"[5.0561960784313725e-08, 4.156627450980393e-09, 1.403637254901961e-09, 5.335372549019608e-17, 1.3540058823529412e-08, 9.414450980392157e-09]",0.0
Air,biofMP,mp3,2.4310717612231526e-13,"[0.0, 0.0, 0.0, 0.0, 0.0]",0.0,0.0,0.0,0.0,0.0,0.0,0.0,0,0.0,0.0,0.0,0.0,0,0.0,0.0,0.0,0.0,0.0,"[5.056196078431372e-06, 4.1566274509803926e-07, 1.403637254901961e-07, 5.335372549019608e-15, 1.3540058823529413e-06, 9.414450980392157e-07]",0.0
Air,biofMP,mp4,2.4310717612231528e-11,"[0.0, 0.0, 0.0, 0.0, 0.0]",0.0,0.0,0.0,0.0,0.0,0.0,0.0,0,0.0,0.0,0.0,0.0,0,0.0,0.0,0.0,0.0,0.0,"[0.0005056196078431373, 4.156627450980393e-05, 1.4036372549019609e-05, 5.335372549019608e-13, 0.00013540058823529412, 9.414450980392157e-05]",0.0
Air,biofMP,mp5,2.4310717612231527e-09,"[0.0, 0.0, 0.0, 0.0, 0.0]",0.0,0.0,0.0,0.0,0.0,0.0,0.0,0,0.0,0.0,0.0,0.0,0,0.0,0.0,0.0,0.0,0.0,"[0.005056196078431372, 0.0004156627450980393, 0.0001403637254901961, 5.335372549019608e-12, 0.0013540058823529413, 0.0009414450980392157]",0.0
Air,heterBiofMP,mp1,2.4310717612231526e-18,"[0.0, 0.0, 0.0, 0.0, 0.0]",0.0,0.0,0.0,0.0,0.0,0.0,0.0,0,0.0,0.0,0.0,0.0,0,0.0,0.0,0.0,0.0,0.0,"[5.056196078431373e-10, 4.156627450980393e-11, 1.4036372549019609e-11, 5.335372549019608e-19, 1.3540058823529413e-10, 9.414450980392157e-11]",0.0
Air,heterBiofMP,mp2,2.4310717612231526e-16,"[0.0, 0.0, 0.0, 0.0, 0.0]",0.0,0.0,0.0,0.0,0.0,0.0,0.0,0,0.0,0.0,0.0,0.0,0,0.0,0.0,0.0,0.0,0.0,"[5.0561960784313725e-08, 4.156627450980393e-09, 1.403637254901961e-09, 5.335372549019608e-17, 1.3540058823529412e-08, 9.414450980392157e-09]",0.0
Air,heterBiofMP,mp3,2.4310717612231528e-14,"[0.0, 0.0, 0.0, 0.0, 0.0]",0.0,0.0,0.0,0.0,0.0,0.0,0.0,0,0.0,0.0,0.0,0.0,0,0.0,0.0,0.0,0.0,0.0,"[5.056196078431372e-06, 4.1566274509803926e-07, 1.403637254901961e-07, 5.335372549019608e-15, 1.3540058823529413e-06, 9.414450980392157e-07]",0.0
Air,heterBiofMP,mp4,2.4310717612231525e-12,"[0.0, 0.0, 0.0, 0.0, 0.0]",0.0,0.0,0.0,0.0,0.0,0.0,0.0,0,0.0,0.0,0.0,0.0,0,0.0,0.0,0.0,0.0,0.0,"[0.0005056196078431373, 4.156627450980393e-05, 1.4036372549019609e-05, 5.335372549019608e-13, 0.00013540058823529412, 9.414450980392157e-05]",0.0
Air,heterBiofMP,mp5,2.4310717612231527e-10,"[0.0, 0.0, 0.0, 0.0, 0.0]",0.0,0.0,0.0,0.0,0.0,0.0,0.0,0,0.0,0.0,0.0,0.0,0,0.0,0.0,0.0,0.0,0.0,"[0.005056196078431372, 0.0004156627450980393, 0.0001403637254901961, 5.335372549019608e-12, 0.0013540058823529413, 0.0009414450980392157]",0.0
